,Wk,Day,Date,Time,Home,xG,Score,xG.1,Away,Attendance,Venue,Referee,Match Report,Notes
0,1.0,Fri,2021-08-13,20:30,M'Gladbach,2.0,1–1,2.6,Bayern Munich,22925.0,Stadion im Borussia-Park,Marco Fritz,Match Report,
1,1.0,Sat,2021-08-14,15:30,Stuttgart,4.0,5–1,0.8,Greuther Fürth,18109.0,Mercedes-Benz Arena,Felix Zwayer,Match Report,
2,1.0,Sat,2021-08-14,15:30,Union Berlin,0.5,1–1,0.7,Leverkusen,11000.0,Stadion An der Alten Försterei,Tobias Reichel,Match Report,
3,1.0,Sat,2021-08-14,15:30,Wolfsburg,3.0,1–0,0.4,Bochum,8536.0,Volkswagen Arena,Frank Willenborg,Match Report,
4,1.0,Sat,2021-08-14,15:30,Arminia,0.9,0–0,1.4,Freiburg,13750.0,SchücoArena,Sven Jablonski,Match Report,
5,1.0,Sat,2021-08-14,15:30,Augsburg,0.6,0–4,3.4,Hoffenheim,9124.0,WWK Arena,Felix Brych,Match Report,
6,1.0,Sat,2021-08-14,18:30,Dortmund,2.5,5–2,1.8,Eint Frankfurt,25000.0,Signal Iduna Park,Tobias Stieler,Match Report,
7,1.0,Sun,2021-08-15,15:30,Mainz 05,1.1,1–0,1.1,RB Leipzig,10500.0,Opel Arena,Daniel Siebert,Match Report,
8,1.0,Sun,2021-08-15,17:30,Köln,1.7,3–1,1.9,Hertha BSC,16500.0,RheinEnergieSTADION,Robert Hartmann,Match Report,
9,,,,,,,,,,,,,,
10,2.0,Fri,2021-08-20,20:30,RB Leipzig,3.5,4–0,1.1,Stuttgart,23100.0,Red Bull Arena,Florian Badstübner,Match Report,
11,2.0,Sat,2021-08-21,15:30,Hertha BSC,1.3,1–2,1.4,Wolfsburg,18241.0,Olympiastadion Berlin,Matthias Jöllenbeck,Match Report,
12,2.0,Sat,2021-08-21,15:30,Bochum,0.7,2–0,0.8,Mainz 05,12548.0,Vonovia Ruhrstadion,Patrick Ittrich,Match Report,
13,2.0,Sat,2021-08-21,15:30,Greuther Fürth,2.3,1–1,0.6,Arminia,5890.0,Sportpark Ronhof Thomas Sommer,Daniel Schlager,Match Report,
14,2.0,Sat,2021-08-21,15:30,Freiburg,1.0,2–1,1.5,Dortmund,10100.0,Schwarzwald-Stadion,Robert Schröder,Match Report,
15,2.0,Sat,2021-08-21,15:30,Eint Frankfurt,1.4,0–0,0.2,Augsburg,22000.0,Commerzbank-Arena,Harm Osmers,Match Report,
16,2.0,Sat,2021-08-21,18:30,Leverkusen,2.0,4–0,1.7,M'Gladbach,15105.0,BayArena,Deniz Aytekin,Match Report,
17,2.0,Sun,2021-08-22,15:30,Hoffenheim,0.9,2–2,1.6,Union Berlin,8014.0,PreZero Arena,Sascha Stegemann,Match Report,
18,2.0,Sun,2021-08-22,17:30,Bayern Munich,2.6,3–2,0.8,Köln,20000.0,Allianz Arena,Martin Petersen,Match Report,
19,,,,,,,,,,,,,,
20,3.0,Fri,2021-08-27,20:30,Dortmund,3.6,3–2,1.8,Hoffenheim,25000.0,Signal Iduna Park,Felix Zwayer,Match Report,
21,3.0,Sat,2021-08-28,15:30,Mainz 05,2.6,3–0,0.4,Greuther Fürth,11500.0,Opel Arena,Tobias Reichel,Match Report,
22,3.0,Sat,2021-08-28,15:30,Stuttgart,1.5,2–3,1.2,Freiburg,25000.0,Mercedes-Benz Arena,Frank Willenborg,Match Report,
23,3.0,Sat,2021-08-28,15:30,Arminia,0.7,1–1,2.1,Eint Frankfurt,13750.0,SchücoArena,Bastian Dankert,Match Report,
24,3.0,Sat,2021-08-28,15:30,Augsburg,1.5,1–4,2.1,Leverkusen,10582.0,WWK Arena,Benjamin Brand,Match Report,
25,3.0,Sat,2021-08-28,15:30,Köln,2.0,2–1,1.0,Bochum,25000.0,RheinEnergieSTADION,Benjamin Cortus,Match Report,
26,3.0,Sat,2021-08-28,18:30,Bayern Munich,3.0,5–0,0.4,Hertha BSC,25000.0,Allianz Arena,Sven Jablonski,Match Report,
27,3.0,Sun,2021-08-29,15:30,Union Berlin,1.9,2–1,2.2,M'Gladbach,11006.0,Stadion An der Alten Försterei,Felix Brych,Match Report,
28,3.0,Sun,2021-08-29,17:30,Wolfsburg,1.1,1–0,1.4,RB Leipzig,12058.0,Volkswagen Arena,Tobias Stieler,Match Report,
29,,,,,,,,,,,,,,
30,4.0,Sat,2021-09-11,15:30,Freiburg,0.6,1–1,0.8,Köln,10000.0,Schwarzwald-Stadion,Harm Osmers,Match Report,
31,4.0,Sat,2021-09-11,15:30,Hoffenheim,0.8,0–2,1.1,Mainz 05,8427.0,PreZero Arena,Marco Fritz,Match Report,
32,4.0,Sat,2021-09-11,15:30,Union Berlin,1.3,0–0,1.3,Augsburg,10207.0,Stadion An der Alten Försterei,Martin Petersen,Match Report,
33,4.0,Sat,2021-09-11,15:30,Leverkusen,0.9,3–4,2.1,Dortmund,17605.0,BayArena,Daniel Siebert,Match Report,
34,4.0,Sat,2021-09-11,15:30,Greuther Fürth,0.5,0–2,1.6,Wolfsburg,9000.0,Sportpark Ronhof Thomas Sommer,Robert Hartmann,Match Report,
35,4.0,Sat,2021-09-11,18:30,RB Leipzig,0.5,1–4,4.2,Bayern Munich,34000.0,Red Bull Arena,Deniz Aytekin,Match Report,
36,4.0,Sun,2021-09-12,15:30,Eint Frankfurt,1.3,1–1,1.4,Stuttgart,25000.0,Commerzbank-Arena,Matthias Jöllenbeck,Match Report,
37,4.0,Sun,2021-09-12,17:30,Bochum,1.2,1–3,0.5,Hertha BSC,14000.0,Vonovia Ruhrstadion,Robert Schröder,Match Report,
38,4.0,Sun,2021-09-12,19:30,M'Gladbach,1.9,3–1,1.8,Arminia,24500.0,Stadion im Borussia-Park,Sascha Stegemann,Match Report,
39,,,,,,,,,,,,,,
40,5.0,Fri,2021-09-17,20:30,Hertha BSC,1.1,2–1,1.3,Greuther Fürth,21372.0,Olympiastadion Berlin,Tobias Stieler,Match Report,
41,5.0,Sat,2021-09-18,15:30,Augsburg,0.4,1–0,0.7,M'Gladbach,12500.0,WWK Arena,Florian Badstübner,Match Report,
42,5.0,Sat,2021-09-18,15:30,Arminia,1.1,0–0,1.5,Hoffenheim,13750.0,SchücoArena,Patrick Ittrich,Match Report,
43,5.0,Sat,2021-09-18,15:30,Bayern Munich,4.5,7–0,1.0,Bochum,25000.0,Allianz Arena,Tobias Welz,Match Report,
44,5.0,Sat,2021-09-18,15:30,Mainz 05,0.8,0–0,0.7,Freiburg,13500.0,Opel Arena,Benjamin Brand,Match Report,
45,5.0,Sat,2021-09-18,18:30,Köln,1.6,1–1,1.9,RB Leipzig,25000.0,RheinEnergieSTADION,Felix Brych,Match Report,
46,5.0,Sun,2021-09-19,15:30,Stuttgart,1.1,1–3,1.5,Leverkusen,23450.0,Mercedes-Benz Arena,Benjamin Cortus,Match Report,
47,5.0,Sun,2021-09-19,17:30,Dortmund,0.9,4–2,1.4,Union Berlin,25000.0,Signal Iduna Park,Sven Jablonski,Match Report,
48,5.0,Sun,2021-09-19,19:30,Wolfsburg,1.7,1–1,0.3,Eint Frankfurt,9266.0,Volkswagen Arena,Felix Zwayer,Match Report,
49,,,,,,,,,,,,,,
50,6.0,Fri,2021-09-24,20:30,Greuther Fürth,1.0,1–3,0.9,Bayern Munich,11740.0,Sportpark Ronhof Thomas Sommer,Robert Schröder,Match Report,
51,6.0,Sat,2021-09-25,15:30,Eint Frankfurt,1.2,1–1,1.0,Köln,24000.0,Commerzbank-Arena,Martin Petersen,Match Report,
52,6.0,Sat,2021-09-25,15:30,Hoffenheim,1.7,3–1,0.6,Wolfsburg,8523.0,PreZero Arena,Daniel Siebert,Match Report,
53,6.0,Sat,2021-09-25,15:30,Leverkusen,1.6,1–0,1.0,Mainz 05,16624.0,BayArena,Bastian Dankert,Match Report,
54,6.0,Sat,2021-09-25,15:30,Union Berlin,1.2,1–0,0.6,Arminia,11000.0,Stadion An der Alten Försterei,Marco Fritz,Match Report,
55,6.0,Sat,2021-09-25,15:30,RB Leipzig,3.9,6–0,0.3,Hertha BSC,23500.0,Red Bull Arena,Sascha Stegemann,Match Report,
56,6.0,Sat,2021-09-25,18:30,M'Gladbach,1.4,1–0,0.4,Dortmund,25000.0,Stadion im Borussia-Park,Deniz Aytekin,Match Report,
57,6.0,Sun,2021-09-26,15:30,Bochum,0.7,0–0,0.2,Stuttgart,15300.0,Vonovia Ruhrstadion,Christian Dingert,Match Report,
58,6.0,Sun,2021-09-26,17:30,Freiburg,3.0,3–0,0.2,Augsburg,14400.0,Schwarzwald-Stadion,Daniel Schlager,Match Report,
59,,,,,,,,,,,,,,
60,7.0,Fri,2021-10-01,20:30,Köln,2.7,3–1,1.2,Greuther Fürth,40000.0,RheinEnergieSTADION,Matthias Jöllenbeck,Match Report,
61,7.0,Sat,2021-10-02,15:30,Stuttgart,0.8,3–1,1.3,Hoffenheim,24211.0,Mercedes-Benz Arena,Harm Osmers,Match Report,
62,7.0,Sat,2021-10-02,15:30,Dortmund,3.0,2–1,0.8,Augsburg,41000.0,Signal Iduna Park,Tobias Welz,Match Report,
63,7.0,Sat,2021-10-02,15:30,Hertha BSC,1.0,1–2,1.0,Freiburg,18376.0,Olympiastadion Berlin,Patrick Ittrich,Match Report,
64,7.0,Sat,2021-10-02,15:30,Wolfsburg,1.3,1–3,2.8,M'Gladbach,12845.0,Volkswagen Arena,Frank Willenborg,Match Report,
65,7.0,Sat,2021-10-02,18:30,RB Leipzig,2.5,3–0,1.3,Bochum,25598.0,Red Bull Arena,Robert Hartmann,Match Report,
66,7.0,Sun,2021-10-03,15:30,Mainz 05,1.1,1–2,1.3,Union Berlin,16000.0,Opel Arena,Tobias Stieler,Match Report,
67,7.0,Sun,2021-10-03,17:30,Bayern Munich,2.7,1–2,0.7,Eint Frankfurt,25000.0,Allianz Arena,Florian Badstübner,Match Report,
68,7.0,Sun,2021-10-03,19:30,Arminia,0.4,0–4,3.0,Leverkusen,16250.0,SchücoArena,Felix Zwayer,Match Report,
69,,,,,,,,,,,,,,
70,8.0,Fri,2021-10-15,20:30,Hoffenheim,3.7,5–0,0.7,Köln,14309.0,PreZero Arena,Tobias Reichel,Match Report,
71,8.0,Sat,2021-10-16,15:30,Eint Frankfurt,1.5,1–2,1.8,Hertha BSC,32000.0,Commerzbank-Arena,Deniz Aytekin,Match Report,
72,8.0,Sat,2021-10-16,15:30,Union Berlin,1.2,2–0,1.8,Wolfsburg,11000.0,Stadion An der Alten Försterei,Sascha Stegemann,Match Report,
73,8.0,Sat,2021-10-16,15:30,Freiburg,1.4,1–1,1.7,RB Leipzig,20000.0,Europa-Park Stadion,Daniel Siebert,Match Report,
74,8.0,Sat,2021-10-16,15:30,Greuther Fürth,1.0,0–1,1.2,Bochum,10586.0,Sportpark Ronhof Thomas Sommer,Bastian Dankert,Match Report,
75,8.0,Sat,2021-10-16,15:30,Dortmund,2.3,3–1,0.6,Mainz 05,63812.0,Signal Iduna Park,Daniel Schlager,Match Report,
76,8.0,Sat,2021-10-16,18:30,M'Gladbach,2.6,1–1,0.5,Stuttgart,41608.0,Stadion im Borussia-Park,Felix Brych,Match Report,
77,8.0,Sun,2021-10-17,15:30,Leverkusen,0.8,1–5,3.1,Bayern Munich,29542.0,BayArena,Sven Jablonski,Match Report,
78,8.0,Sun,2021-10-17,17:30,Augsburg,0.8,1–1,0.4,Arminia,17500.0,WWK Arena,Robert Schröder,Match Report,
79,,,,,,,,,,,,,,
80,9.0,Fri,2021-10-22,20:30,Mainz 05,3.6,4–1,0.8,Augsburg,19400.0,Opel Arena,Robert Hartmann,Match Report,
81,9.0,Sat,2021-10-23,15:30,Bayern Munich,2.1,4–0,0.7,Hoffenheim,60000.0,Allianz Arena,Matthias Jöllenbeck,Match Report,
82,9.0,Sat,2021-10-23,15:30,Wolfsburg,1.8,0–2,1.5,Freiburg,10251.0,Volkswagen Arena,Tobias Welz,Match Report,
83,9.0,Sat,2021-10-23,15:30,RB Leipzig,2.5,4–1,1.5,Greuther Fürth,24758.0,Red Bull Arena,Christian Dingert,Match Report,
84,9.0,Sat,2021-10-23,15:30,Arminia,1.7,1–3,2.4,Dortmund,25000.0,SchücoArena,Benjamin Brand,Match Report,
85,9.0,Sat,2021-10-23,18:30,Hertha BSC,1.1,1–0,0.7,M'Gladbach,25000.0,Olympiastadion Berlin,Benjamin Cortus,Match Report,
86,9.0,Sun,2021-10-24,15:30,Köln,1.9,2–2,1.4,Leverkusen,49600.0,RheinEnergieSTADION,Felix Zwayer,Match Report,
87,9.0,Sun,2021-10-24,17:30,Stuttgart,0.5,1–1,1.2,Union Berlin,32595.0,Mercedes-Benz Arena,Florian Badstübner,Match Report,
88,9.0,Sun,2021-10-24,19:30,Bochum,2.1,2–0,1.6,Eint Frankfurt,19510.0,Vonovia Ruhrstadion,Marco Fritz,Match Report,
89,,,,,,,,,,,,,,
90,10.0,Fri,2021-10-29,20:30,Hoffenheim,1.0,2–0,0.4,Hertha BSC,8127.0,PreZero Arena,Sven Jablonski,Match Report,
91,10.0,Sat,2021-10-30,15:30,Freiburg,1.3,3–1,0.7,Greuther Fürth,31500.0,Europa-Park Stadion,Felix Brych,Match Report,
92,10.0,Sat,2021-10-30,15:30,Leverkusen,1.4,0–2,1.7,Wolfsburg,20132.0,BayArena,Deniz Aytekin,Match Report,
93,10.0,Sat,2021-10-30,15:30,Dortmund,1.3,2–0,1.3,Köln,66709.0,Signal Iduna Park,Martin Petersen,Match Report,
94,10.0,Sat,2021-10-30,15:30,Union Berlin,1.1,2–5,3.3,Bayern Munich,16509.0,Stadion An der Alten Försterei,Harm Osmers,Match Report,
95,10.0,Sat,2021-10-30,15:30,Arminia,0.7,1–2,2.5,Mainz 05,19477.0,SchücoArena,Bastian Dankert,Match Report,
96,10.0,Sat,2021-10-30,18:30,Eint Frankfurt,0.6,1–1,2.8,RB Leipzig,31000.0,Commerzbank-Arena,Daniel Schlager,Match Report,
97,10.0,Sun,2021-10-31,15:30,Augsburg,2.0,4–1,0.9,Stuttgart,17500.0,WWK Arena,Patrick Ittrich,Match Report,
98,10.0,Sun,2021-10-31,17:30,M'Gladbach,1.8,2–1,1.0,Bochum,42361.0,Stadion im Borussia-Park,Tobias Reichel,Match Report,
99,,,,,,,,,,,,,,
100,11.0,Fri,2021-11-05,20:30,Mainz 05,0.9,1–1,1.8,M'Gladbach,25000.0,Opel Arena,Robert Schröder,Match Report,
101,11.0,Sat,2021-11-06,15:30,Bochum,2.3,2–0,0.6,Hoffenheim,19600.0,Vonovia Ruhrstadion,Frank Willenborg,Match Report,
102,11.0,Sat,2021-11-06,15:30,Stuttgart,0.9,0–1,1.7,Arminia,33550.0,Mercedes-Benz Arena,Christian Dingert,Match Report,
103,11.0,Sat,2021-11-06,15:30,Bayern Munich,3.5,2–1,1.1,Freiburg,75000.0,Allianz Arena,Sascha Stegemann,Match Report,
104,11.0,Sat,2021-11-06,15:30,Wolfsburg,0.8,1–0,0.6,Augsburg,16095.0,Volkswagen Arena,Marco Fritz,Match Report,
105,11.0,Sat,2021-11-06,18:30,RB Leipzig,2.4,2–1,1.2,Dortmund,43429.0,Red Bull Arena,Felix Zwayer,Match Report,
106,11.0,Sun,2021-11-07,15:30,Hertha BSC,0.9,1–1,1.0,Leverkusen,22187.0,Olympiastadion Berlin,Robert Hartmann,Match Report,
107,11.0,Sun,2021-11-07,17:30,Köln,2.1,2–2,1.1,Union Berlin,49000.0,RheinEnergieSTADION,Tobias Stieler,Match Report,
108,11.0,Sun,2021-11-07,19:30,Greuther Fürth,2.8,1–2,1.5,Eint Frankfurt,10244.0,Sportpark Ronhof Thomas Sommer,Daniel Siebert,Match Report,
109,,,,,,,,,,,,,,
110,12.0,Fri,2021-11-19,20:30,Augsburg,0.3,2–1,1.6,Bayern Munich,26000.0,WWK Arena,Daniel Siebert,Match Report,
111,12.0,Sat,2021-11-20,15:30,Hoffenheim,2.7,2–0,0.2,RB Leipzig,13233.0,PreZero Arena,Tobias Welz,Match Report,
112,12.0,Sat,2021-11-20,15:30,Dortmund,1.7,2–1,1.4,Stuttgart,57900.0,Signal Iduna Park,Harm Osmers,Match Report,
113,12.0,Sat,2021-11-20,15:30,Leverkusen,1.7,1–0,0.8,Bochum,22538.0,BayArena,Daniel Schlager,Match Report,
114,12.0,Sat,2021-11-20,15:30,Arminia,1.5,2–2,1.7,Wolfsburg,19801.0,SchücoArena,Martin Petersen,Match Report,
115,12.0,Sat,2021-11-20,15:30,M'Gladbach,2.6,4–0,0.4,Greuther Fürth,38621.0,Stadion im Borussia-Park,Benjamin Brand,Match Report,
116,12.0,Sat,2021-11-20,18:30,Union Berlin,2.0,2–0,0.5,Hertha BSC,22012.0,Stadion An der Alten Försterei,Felix Brych,Match Report,
117,12.0,Sun,2021-11-21,15:30,Freiburg,1.7,0–2,1.3,Eint Frankfurt,32500.0,Europa-Park Stadion,Florian Badstübner,Match Report,
118,12.0,Sun,2021-11-21,17:30,Mainz 05,0.9,1–1,1.7,Köln,25500.0,Opel Arena,Deniz Aytekin,Match Report,
119,,,,,,,,,,,,,,
120,13.0,Fri,2021-11-26,20:30,Stuttgart,0.4,2–1,1.0,Mainz 05,25000.0,Mercedes-Benz Arena,Matthias Jöllenbeck,Match Report,
121,13.0,Sat,2021-11-27,15:30,Hertha BSC,1.4,1–1,1.4,Augsburg,14523.0,Olympiastadion Berlin,Frank Willenborg,Match Report,
122,13.0,Sat,2021-11-27,15:30,Wolfsburg,1.4,1–3,2.2,Dortmund,13281.0,Volkswagen Arena,Sven Jablonski,Match Report,
123,13.0,Sat,2021-11-27,15:30,Bochum,1.0,2–1,2.1,Freiburg,19700.0,Vonovia Ruhrstadion,Patrick Ittrich,Match Report,
124,13.0,Sat,2021-11-27,15:30,Köln,1.7,4–1,1.1,M'Gladbach,50000.0,RheinEnergieSTADION,Robert Schröder,Match Report,
125,13.0,Sat,2021-11-27,15:30,Greuther Fürth,1.4,3–6,3.0,Hoffenheim,3385.0,Sportpark Ronhof Thomas Sommer,Bastian Dankert,Match Report,
126,13.0,Sat,2021-11-27,18:30,Bayern Munich,2.3,1–0,0.5,Arminia,12000.0,Allianz Arena,Marco Fritz,Match Report,
127,13.0,Sun,2021-11-28,15:30,Eint Frankfurt,1.9,2–1,1.3,Union Berlin,24000.0,Commerzbank-Arena,Sascha Stegemann,Match Report,
128,13.0,Sun,2021-11-28,17:30,RB Leipzig,1.6,1–3,1.8,Leverkusen,,Red Bull Arena,Benjamin Cortus,Match Report,
129,,,,,,,,,,,,,,
130,14.0,Fri,2021-12-03,20:30,Union Berlin,3.3,2–1,1.3,RB Leipzig,13506.0,Stadion An der Alten Försterei,Harm Osmers,Match Report,
131,14.0,Sat,2021-12-04,15:30,Leverkusen,2.8,7–1,0.4,Greuther Fürth,10455.0,BayArena,Tobias Reichel,Match Report,
132,14.0,Sat,2021-12-04,15:30,Arminia,1.5,1–1,1.1,Köln,8231.0,SchücoArena,Felix Brych,Match Report,
133,14.0,Sat,2021-12-04,15:30,Hoffenheim,0.9,3–2,1.7,Eint Frankfurt,,PreZero Arena,Daniel Schlager,Match Report,
134,14.0,Sat,2021-12-04,15:30,Augsburg,2.9,2–3,1.2,Bochum,,WWK Arena,Deniz Aytekin,Match Report,
135,14.0,Sat,2021-12-04,15:30,Mainz 05,1.4,3–0,0.7,Wolfsburg,10000.0,Opel Arena,Florian Badstübner,Match Report,
136,14.0,Sat,2021-12-04,18:30,Dortmund,1.1,2–3,2.0,Bayern Munich,15000.0,Signal Iduna Park,Felix Zwayer,Match Report,
137,14.0,Sun,2021-12-05,15:30,Stuttgart,1.2,2–2,1.1,Hertha BSC,395.0,Mercedes-Benz Arena,Benjamin Brand,Match Report,
138,14.0,Sun,2021-12-05,17:30,M'Gladbach,1.1,0–6,1.8,Freiburg,10025.0,Stadion im Borussia-Park,Robert Hartmann,Match Report,
139,,,,,,,,,,,,,,
140,15.0,Fri,2021-12-10,20:30,Köln,1.2,0–2,0.7,Augsburg,15000.0,RheinEnergieSTADION,Patrick Ittrich,Match Report,
141,15.0,Sat,2021-12-11,15:30,Hertha BSC,2.0,2–0,0.4,Arminia,5000.0,Olympiastadion Berlin,Tobias Welz,Match Report,
142,15.0,Sat,2021-12-11,15:30,Bayern Munich,1.9,2–1,0.8,Mainz 05,,Allianz Arena,Benjamin Cortus,Match Report,
143,15.0,Sat,2021-12-11,15:30,Freiburg,1.6,1–2,1.1,Hoffenheim,750.0,Europa-Park Stadion,Frank Willenborg,Match Report,
144,15.0,Sat,2021-12-11,15:30,RB Leipzig,4.4,4–1,1.4,M'Gladbach,,Red Bull Arena,Bastian Dankert,Match Report,
145,15.0,Sat,2021-12-11,15:30,Bochum,0.9,1–1,2.5,Dortmund,13799.0,Vonovia Ruhrstadion,Matthias Jöllenbeck,Match Report,
146,15.0,Sat,2021-12-11,18:30,Wolfsburg,1.5,0–2,1.4,Stuttgart,5000.0,Volkswagen Arena,Sascha Stegemann,Match Report,
147,15.0,Sun,2021-12-12,15:30,Greuther Fürth,0.7,1–0,1.2,Union Berlin,,Sportpark Ronhof Thomas Sommer,Sven Jablonski,Match Report,
148,15.0,Sun,2021-12-12,17:30,Eint Frankfurt,1.6,5–2,1.7,Leverkusen,12000.0,Commerzbank-Arena,Marco Fritz,Match Report,
149,,,,,,,,,,,,,,
150,16.0,Tue,2021-12-14,18:30,Stuttgart,0.9,0–5,3.3,Bayern Munich,750.0,Mercedes-Benz Arena,Robert Schröder,Match Report,
151,16.0,Tue,2021-12-14,20:30,Wolfsburg,2.5,2–3,3.3,Köln,5000.0,Volkswagen Arena,Robert Hartmann,Match Report,
152,16.0,Tue,2021-12-14,20:30,Arminia,0.9,2–0,0.6,Bochum,13750.0,SchücoArena,Benjamin Brand,Match Report,
153,16.0,Tue,2021-12-14,20:30,Mainz 05,2.6,4–0,0.5,Hertha BSC,10000.0,Opel Arena,Harm Osmers,Match Report,
154,16.0,Wed,2021-12-15,18:30,M'Gladbach,1.9,2–3,1.8,Eint Frankfurt,10028.0,Stadion im Borussia-Park,Martin Petersen,Match Report,
155,16.0,Wed,2021-12-15,20:30,Leverkusen,2.0,2–2,1.9,Hoffenheim,13272.0,BayArena,Tobias Stieler,Match Report,
156,16.0,Wed,2021-12-15,20:30,Union Berlin,1.8,0–0,1.4,Freiburg,5000.0,Stadion An der Alten Försterei,Deniz Aytekin,Match Report,
157,16.0,Wed,2021-12-15,20:30,Dortmund,1.8,3–0,0.6,Greuther Fürth,15000.0,Signal Iduna Park,Daniel Schlager,Match Report,
158,16.0,Wed,2021-12-15,20:30,Augsburg,1.4,1–1,2.4,RB Leipzig,,WWK Arena,Florian Badstübner,Match Report,
159,,,,,,,,,,,,,,
160,17.0,Fri,2021-12-17,20:30,Bayern Munich,3.2,4–0,1.2,Wolfsburg,,Allianz Arena,Tobias Welz,Match Report,
161,17.0,Sat,2021-12-18,15:30,Bochum,0.9,0–1,1.0,Union Berlin,13500.0,Vonovia Ruhrstadion,Tobias Reichel,Match Report,
162,17.0,Sat,2021-12-18,15:30,Greuther Fürth,0.1,0–0,1.2,Augsburg,,Sportpark Ronhof Thomas Sommer,Sascha Stegemann,Match Report,
163,17.0,Sat,2021-12-18,15:30,RB Leipzig,2.0,0–2,0.6,Arminia,,Red Bull Arena,Frank Willenborg,Match Report,
164,17.0,Sat,2021-12-18,15:30,Hoffenheim,2.3,1–1,1.6,M'Gladbach,750.0,PreZero Arena,Sven Jablonski,Match Report,
165,17.0,Sat,2021-12-18,15:30,Eint Frankfurt,2.0,1–0,0.8,Mainz 05,15000.0,Commerzbank-Arena,Felix Brych,Match Report,
166,17.0,Sat,2021-12-18,18:30,Hertha BSC,1.6,3–2,1.2,Dortmund,5000.0,Olympiastadion Berlin,Marco Fritz,Match Report,
167,17.0,Sun,2021-12-19,15:30,Freiburg,2.0,2–1,1.0,Leverkusen,750.0,Europa-Park Stadion,Benjamin Cortus,Match Report,
168,17.0,Sun,2021-12-19,17:30,Köln,1.1,1–0,0.4,Stuttgart,15000.0,RheinEnergieSTADION,Bastian Dankert,Match Report,
169,,,,,,,,,,,,,,
170,18.0,Fri,2022-01-07,20:30,Bayern Munich,1.7,1–2,1.1,M'Gladbach,,Allianz Arena,Daniel Siebert,Match Report,
171,18.0,Sat,2022-01-08,15:30,Freiburg,2.0,2–2,0.9,Arminia,,Europa-Park Stadion,Harm Osmers,Match Report,
172,18.0,Sat,2022-01-08,15:30,Leverkusen,1.8,2–2,2.4,Union Berlin,,BayArena,Matthias Jöllenbeck,Match Report,
173,18.0,Sat,2022-01-08,15:30,RB Leipzig,3.3,4–1,0.4,Mainz 05,,Red Bull Arena,Deniz Aytekin,Match Report,
174,18.0,Sat,2022-01-08,15:30,Hoffenheim,1.8,3–1,0.7,Augsburg,500.0,PreZero Arena,Benjamin Cortus,Match Report,
175,18.0,Sat,2022-01-08,15:30,Greuther Fürth,0.8,0–0,1.4,Stuttgart,,Sportpark Ronhof Thomas Sommer,Felix Brych,Match Report,
176,18.0,Sat,2022-01-08,18:30,Eint Frankfurt,1.2,2–3,2.4,Dortmund,250.0,Commerzbank-Arena,Robert Schröder,Match Report,
177,18.0,Sun,2022-01-09,15:30,Hertha BSC,1.0,1–3,1.7,Köln,3000.0,Olympiastadion Berlin,Tobias Stieler,Match Report,
178,18.0,Sun,2022-01-09,17:30,Bochum,0.8,1–0,0.4,Wolfsburg,,Vonovia Ruhrstadion,Daniel Schlager,Match Report,
179,,,,,,,,,,,,,,
180,19.0,Fri,2022-01-14,20:30,Dortmund,1.8,5–1,0.7,Freiburg,750.0,Signal Iduna Park,Florian Badstübner,Match Report,
181,19.0,Sat,2022-01-15,15:30,Stuttgart,1.1,0–2,1.3,RB Leipzig,500.0,Mercedes-Benz Arena,Daniel Schlager,Match Report,
182,19.0,Sat,2022-01-15,15:30,Union Berlin,1.6,2–1,1.3,Hoffenheim,3000.0,Stadion An der Alten Försterei,Martin Petersen,Match Report,
183,19.0,Sat,2022-01-15,15:30,Köln,1.2,0–4,3.4,Bayern Munich,1000.0,RheinEnergieSTADION,Tobias Welz,Match Report,
184,19.0,Sat,2022-01-15,15:30,Mainz 05,1.7,1–0,1.5,Bochum,1000.0,Opel Arena,Frank Willenborg,Match Report,
185,19.0,Sat,2022-01-15,15:30,Wolfsburg,1.2,0–0,0.2,Hertha BSC,500.0,Volkswagen Arena,Robert Hartmann,Match Report,
186,19.0,Sat,2022-01-15,18:30,M'Gladbach,1.5,1–2,4.4,Leverkusen,750.0,Stadion im Borussia-Park,Sascha Stegemann,Match Report,
187,19.0,Sun,2022-01-16,15:30,Augsburg,1.4,1–1,2.2,Eint Frankfurt,,WWK Arena,Sven Jablonski,Match Report,
188,19.0,Sun,2022-01-16,17:30,Arminia,0.8,2–2,0.4,Greuther Fürth,750.0,SchücoArena,Christian Dingert,Match Report,
189,,,,,,,,,,,,,,
190,20.0,Fri,2022-01-21,20:30,Eint Frankfurt,1.9,0–2,1.5,Arminia,1000.0,Commerzbank-Arena,Tobias Reichel,Match Report,
191,20.0,Sat,2022-01-22,15:30,Leverkusen,3.2,5–1,1.4,Augsburg,750.0,BayArena,Daniel Schlager,Match Report,
192,20.0,Sat,2022-01-22,15:30,M'Gladbach,1.0,1–2,1.1,Union Berlin,750.0,Stadion im Borussia-Park,Felix Brych,Match Report,
193,20.0,Sat,2022-01-22,15:30,Greuther Fürth,1.1,2–1,2.0,Mainz 05,,Sportpark Ronhof Thomas Sommer,Robert Schröder,Match Report,
194,20.0,Sat,2022-01-22,15:30,Hoffenheim,1.5,2–3,1.5,Dortmund,500.0,PreZero Arena,Deniz Aytekin,Match Report,
195,20.0,Sat,2022-01-22,15:30,Freiburg,1.6,2–0,0.5,Stuttgart,500.0,Europa-Park Stadion,Tobias Stieler,Match Report,
196,20.0,Sat,2022-01-22,18:30,Bochum,1.8,2–2,1.0,Köln,750.0,Vonovia Ruhrstadion,Matthias Jöllenbeck,Match Report,
197,20.0,Sun,2022-01-23,15:30,RB Leipzig,1.3,2–0,0.9,Wolfsburg,1000.0,Red Bull Arena,Daniel Siebert,Match Report,
198,20.0,Sun,2022-01-23,17:30,Hertha BSC,0.9,1–4,3.9,Bayern Munich,3000.0,Olympiastadion Berlin,Bastian Dankert,Match Report,
199,,,,,,,,,,,,,,
200,21.0,Fri,2022-02-04,20:30,Hertha BSC,0.5,1–1,1.1,Bochum,3000.0,Olympiastadion Berlin,Marco Fritz,Match Report,
201,21.0,Sat,2022-02-05,15:30,Stuttgart,1.8,2–3,1.1,Eint Frankfurt,10000.0,Mercedes-Benz Arena,Sascha Stegemann,Match Report,
202,21.0,Sat,2022-02-05,15:30,Arminia,0.6,1–1,1.5,M'Gladbach,10000.0,SchücoArena,Benjamin Cortus,Match Report,
203,21.0,Sat,2022-02-05,15:30,Köln,1.3,1–0,1.3,Freiburg,10000.0,RheinEnergieSTADION,Felix Brych,Match Report,
204,21.0,Sat,2022-02-05,15:30,Augsburg,2.0,2–0,1.6,Union Berlin,7600.0,WWK Arena,Harm Osmers,Match Report,
205,21.0,Sat,2022-02-05,15:30,Mainz 05,2.0,2–0,1.6,Hoffenheim,6800.0,Opel Arena,Christian Dingert,Match Report,
206,21.0,Sat,2022-02-05,18:30,Bayern Munich,2.9,3–2,2.1,RB Leipzig,10000.0,Allianz Arena,Sven Jablonski,Match Report,
207,21.0,Sun,2022-02-06,15:30,Dortmund,1.3,2–5,2.1,Leverkusen,10000.0,Signal Iduna Park,Daniel Siebert,Match Report,
208,21.0,Sun,2022-02-06,17:30,Wolfsburg,2.0,4–1,1.1,Greuther Fürth,500.0,Volkswagen Arena,Martin Petersen,Match Report,
209,,,,,,,,,,,,,,
210,22.0,Fri,2022-02-11,20:30,RB Leipzig,1.0,3–1,0.9,Köln,15000.0,Red Bull Arena,Florian Badstübner,Match Report,
211,22.0,Sat,2022-02-12,15:30,Freiburg,1.7,1–1,2.1,Mainz 05,10000.0,Europa-Park Stadion,Deniz Aytekin,Match Report,
212,22.0,Sat,2022-02-12,15:30,Greuther Fürth,2.5,2–1,2.3,Hertha BSC,9000.0,Sportpark Ronhof Thomas Sommer,Daniel Schlager,Match Report,
213,22.0,Sat,2022-02-12,15:30,M'Gladbach,2.2,3–2,1.2,Augsburg,10000.0,Stadion im Borussia-Park,Tobias Welz,Match Report,
214,22.0,Sat,2022-02-12,15:30,Eint Frankfurt,1.1,0–2,1.6,Wolfsburg,10000.0,Commerzbank-Arena,Frank Willenborg,Match Report,
215,22.0,Sat,2022-02-12,15:30,Bochum,1.3,4–2,2.2,Bayern Munich,10000.0,Vonovia Ruhrstadion,Robert Schröder,Match Report,
216,22.0,Sat,2022-02-12,18:30,Leverkusen,2.5,4–2,1.2,Stuttgart,10000.0,BayArena,Felix Brych,Match Report,
217,22.0,Sun,2022-02-13,15:30,Union Berlin,1.3,0–3,1.9,Dortmund,10000.0,Stadion An der Alten Försterei,Matthias Jöllenbeck,Match Report,
218,22.0,Sun,2022-02-13,17:30,Hoffenheim,2.2,2–0,0.7,Arminia,10000.0,PreZero Arena,Robert Hartmann,Match Report,
219,,,,,,,,,,,,,,
220,23.0,Fri,2022-02-18,20:30,Mainz 05,1.0,3–2,1.2,Leverkusen,10000.0,Opel Arena,Benjamin Cortus,Match Report,
221,23.0,Sat,2022-02-19,15:30,Stuttgart,1.9,1–1,1.9,Bochum,20059.0,Mercedes-Benz Arena,Harm Osmers,Match Report,
222,23.0,Sat,2022-02-19,15:30,Arminia,1.1,1–0,1.0,Union Berlin,10000.0,SchücoArena,Daniel Schlager,Match Report,
223,23.0,Sat,2022-02-19,15:30,Wolfsburg,1.1,1–2,1.4,Hoffenheim,7145.0,Volkswagen Arena,Felix Zwayer,Match Report,
224,23.0,Sat,2022-02-19,15:30,Augsburg,0.8,1–2,1.6,Freiburg,15000.0,WWK Arena,Daniel Siebert,Match Report,
225,23.0,Sat,2022-02-19,18:30,Köln,1.3,1–0,0.7,Eint Frankfurt,10000.0,RheinEnergieSTADION,Christian Dingert,Match Report,
226,23.0,Sun,2022-02-20,15:30,Bayern Munich,2.7,4–1,0.9,Greuther Fürth,25000.0,Allianz Arena,Robert Hartmann,Match Report,
227,23.0,Sun,2022-02-20,17:30,Dortmund,3.5,6–0,0.8,M'Gladbach,10000.0,Signal Iduna Park,Marco Fritz,Match Report,
228,23.0,Sun,2022-02-20,19:30,Hertha BSC,0.7,1–6,3.1,RB Leipzig,10000.0,Olympiastadion Berlin,Patrick Ittrich,Match Report,
229,,,,,,,,,,,,,,
230,24.0,Fri,2022-02-25,20:30,Hoffenheim,2.3,2–1,1.9,Stuttgart,18099.0,PreZero Arena,Matthias Jöllenbeck,Match Report,
231,24.0,Sat,2022-02-26,15:30,Freiburg,2.8,3–0,1.9,Hertha BSC,25000.0,Europa-Park Stadion,Sven Jablonski,Match Report,
232,24.0,Sat,2022-02-26,15:30,Leverkusen,2.6,3–0,0.4,Arminia,10000.0,BayArena,Martin Petersen,Match Report,
233,24.0,Sat,2022-02-26,15:30,Greuther Fürth,0.8,1–1,0.8,Köln,9200.0,Sportpark Ronhof Thomas Sommer,Robert Schörgenhofer,Match Report,
234,24.0,Sat,2022-02-26,15:30,M'Gladbach,2.7,2–2,1.5,Wolfsburg,10000.0,Stadion im Borussia-Park,Tobias Reichel,Match Report,
235,24.0,Sat,2022-02-26,15:30,Union Berlin,0.9,3–1,0.8,Mainz 05,10000.0,Stadion An der Alten Försterei,Bastian Dankert,Match Report,
236,24.0,Sat,2022-02-26,18:30,Eint Frankfurt,0.8,0–1,2.0,Bayern Munich,25000.0,Commerzbank-Arena,Florian Badstübner,Match Report,
237,24.0,Sun,2022-02-27,15:30,Bochum,1.0,0–1,0.7,RB Leipzig,10000.0,Vonovia Ruhrstadion,Felix Brych,Match Report,
238,24.0,Sun,2022-02-27,17:30,Augsburg,0.9,1–1,0.5,Dortmund,15330.0,WWK Arena,Deniz Aytekin,Match Report,
239,,,,,,,,,,,,,,
240,25.0,Fri,2022-03-04,20:30,Arminia,0.2,0–1,0.4,Augsburg,19460.0,SchücoArena,Felix Brych,Match Report,
241,25.0,Sat,2022-03-05,15:30,RB Leipzig,0.7,1–1,0.5,Freiburg,24758.0,Red Bull Arena,Felix Zwayer,Match Report,
242,25.0,Sat,2022-03-05,15:30,Bayern Munich,1.4,1–1,1.8,Leverkusen,25000.0,Allianz Arena,Daniel Siebert,Match Report,
243,25.0,Sat,2022-03-05,15:30,Wolfsburg,0.6,1–0,1.1,Union Berlin,15703.0,Volkswagen Arena,Patrick Ittrich,Match Report,
244,25.0,Sat,2022-03-05,15:30,Hertha BSC,0.7,1–4,1.3,Eint Frankfurt,25000.0,Olympiastadion Berlin,Harm Osmers,Match Report,
245,25.0,Sat,2022-03-05,15:30,Bochum,1.3,2–1,0.8,Greuther Fürth,19800.0,Vonovia Ruhrstadion,Daniel Schlager,Match Report,
246,25.0,Sat,2022-03-05,18:30,Stuttgart,1.8,3–2,1.2,M'Gladbach,25000.0,Mercedes-Benz Arena,Christian Dingert,Match Report,
247,25.0,Sun,2022-03-06,17:30,Köln,1.3,0–1,2.1,Hoffenheim,37500.0,RheinEnergieSTADION,Marco Fritz,Match Report,
248,,,,,,,,,,,,,,
249,26.0,Sat,2022-03-12,15:30,Union Berlin,1.3,1–1,1.3,Stuttgart,16509.0,Stadion An der Alten Försterei,Robert Hartmann,Match Report,
250,26.0,Sat,2022-03-12,15:30,Hoffenheim,1.6,1–1,3.3,Bayern Munich,25600.0,PreZero Arena,Robert Schröder,Match Report,
251,26.0,Sat,2022-03-12,15:30,Freiburg,1.9,3–2,1.1,Wolfsburg,25000.0,Europa-Park Stadion,Martin Petersen,Match Report,
252,26.0,Sat,2022-03-12,18:30,M'Gladbach,1.8,2–0,0.5,Hertha BSC,,Stadion im Borussia-Park,Florian Badstübner,Match Report,
253,26.0,Sun,2022-03-13,15:30,Leverkusen,1.8,0–1,0.5,Köln,22658.0,BayArena,Sascha Stegemann,Match Report,
254,26.0,Sun,2022-03-13,17:30,Dortmund,2.0,1–0,0.6,Arminia,33000.0,Signal Iduna Park,Bastian Dankert,Match Report,
255,26.0,Sun,2022-03-13,17:30,Eint Frankfurt,1.9,2–1,1.0,Bochum,,Commerzbank-Arena,Marco Fritz,Match Report,
256,26.0,Sun,2022-03-13,19:30,Greuther Fürth,0.4,1–6,1.5,RB Leipzig,9418.0,Sportpark Ronhof Thomas Sommer,Sven Jablonski,Match Report,
257,,,,,,,,,,,,,,
258,25.0,Wed,2022-03-16,18:30,Mainz 05,0.6,0–1,0.8,Dortmund,25000.0,Opel Arena,Sascha Stegemann,Match Report,
259,,,,,,,,,,,,,,
260,27.0,Fri,2022-03-18,20:30,Bochum,1.5,0–2,0.6,M'Gladbach,,Vonovia Ruhrstadion,Benjamin Cortus,Match Report,Match awarded to M'Gladbach
261,27.0,Sat,2022-03-19,15:30,Stuttgart,2.7,3–2,0.9,Augsburg,55785.0,Mercedes-Benz Arena,Patrick Ittrich,Match Report,
262,27.0,Sat,2022-03-19,15:30,Hertha BSC,0.8,3–0,0.8,Hoffenheim,25000.0,Olympiastadion Berlin,Daniel Schlager,Match Report,
263,27.0,Sat,2022-03-19,15:30,Mainz 05,4.2,4–0,0.2,Arminia,25000.0,Opel Arena,Felix Zwayer,Match Report,
264,27.0,Sat,2022-03-19,15:30,Greuther Fürth,0.7,0–0,0.8,Freiburg,9884.0,Sportpark Ronhof Thomas Sommer,Tobias Reichel,Match Report,
265,27.0,Sat,2022-03-19,18:30,Bayern Munich,2.9,4–0,0.8,Union Berlin,37000.0,Allianz Arena,Harm Osmers,Match Report,
266,27.0,Sun,2022-03-20,15:30,RB Leipzig,1.2,0–0,0.1,Eint Frankfurt,43058.0,Red Bull Arena,Christian Dingert,Match Report,
267,27.0,Sun,2022-03-20,17:30,Wolfsburg,1.5,0–2,1.2,Leverkusen,16554.0,Volkswagen Arena,Felix Brych,Match Report,
268,27.0,Sun,2022-03-20,19:30,Köln,1.2,1–1,1.0,Dortmund,50000.0,RheinEnergieSTADION,Daniel Siebert,Match Report,
269,,,,,,,,,,,,,,
270,28.0,Fri,2022-04-01,20:30,Union Berlin,,,,Köln,,Stadion An der Alten Försterei,,Head-to-Head,
271,28.0,Sat,2022-04-02,15:30,Arminia,,,,Stuttgart,,SchücoArena,,Head-to-Head,
272,28.0,Sat,2022-04-02,15:30,Hoffenheim,,,,Bochum,,PreZero Arena,,Head-to-Head,
273,28.0,Sat,2022-04-02,15:30,Leverkusen,,,,Hertha BSC,,BayArena,,Head-to-Head,
274,28.0,Sat,2022-04-02,15:30,Eint Frankfurt,,,,Greuther Fürth,,Commerzbank-Arena,,Head-to-Head,
275,28.0,Sat,2022-04-02,15:30,Freiburg,,,,Bayern Munich,,Europa-Park Stadion,,Head-to-Head,
276,28.0,Sat,2022-04-02,18:30,Dortmund,,,,RB Leipzig,,Signal Iduna Park,,Head-to-Head,
277,28.0,Sun,2022-04-03,15:30,Augsburg,,,,Wolfsburg,,WWK Arena,,Head-to-Head,
278,28.0,Sun,2022-04-03,17:30,M'Gladbach,,,,Mainz 05,,Stadion im Borussia-Park,,Head-to-Head,
279,,,,,,,,,,,,,,
280,26.0,Wed,2022-04-06,18:30,Augsburg,,,,Mainz 05,,WWK Arena,,Head-to-Head,
281,,,,,,,,,,,,,,
282,29.0,Fri,2022-04-08,20:30,Stuttgart,,,,Dortmund,,Mercedes-Benz Arena,,Head-to-Head,
283,29.0,Sat,2022-04-09,15:30,Bayern Munich,,,,Augsburg,,Allianz Arena,,Head-to-Head,
284,29.0,Sat,2022-04-09,15:30,Greuther Fürth,,,,M'Gladbach,,Sportpark Ronhof Thomas Sommer,,Head-to-Head,
285,29.0,Sat,2022-04-09,15:30,Köln,,,,Mainz 05,,RheinEnergieSTADION,,Head-to-Head,
286,29.0,Sat,2022-04-09,15:30,Wolfsburg,,,,Arminia,,Volkswagen Arena,,Head-to-Head,
287,29.0,Sat,2022-04-09,18:30,Hertha BSC,,,,Union Berlin,,Olympiastadion Berlin,,Head-to-Head,
288,29.0,Sun,2022-04-10,15:30,Bochum,,,,Leverkusen,,Vonovia Ruhrstadion,,Head-to-Head,
289,29.0,Sun,2022-04-10,17:30,Eint Frankfurt,,,,Freiburg,,Commerzbank-Arena,,Head-to-Head,
290,29.0,Sun,2022-04-10,19:30,RB Leipzig,,,,Hoffenheim,,Red Bull Arena,,Head-to-Head,
291,,,,,,,,,,,,,,
292,30.0,Sat,2022-04-16,15:30,Dortmund,,,,Wolfsburg,,Signal Iduna Park,,Head-to-Head,
293,30.0,Sat,2022-04-16,15:30,Mainz 05,,,,Stuttgart,,Opel Arena,,Head-to-Head,
294,30.0,Sat,2022-04-16,15:30,Freiburg,,,,Bochum,,Europa-Park Stadion,,Head-to-Head,
295,30.0,Sat,2022-04-16,15:30,Augsburg,,,,Hertha BSC,,WWK Arena,,Head-to-Head,
296,30.0,Sat,2022-04-16,18:30,M'Gladbach,,,,Köln,,Stadion im Borussia-Park,,Head-to-Head,
297,30.0,Sun,2022-04-17,15:30,Arminia,,,,Bayern Munich,,SchücoArena,,Head-to-Head,
298,30.0,Sun,2022-04-17,17:30,Union Berlin,,,,Eint Frankfurt,,Stadion An der Alten Försterei,,Head-to-Head,
299,30.0,Sun,2022-04-17,17:30,Hoffenheim,,,,Greuther Fürth,,PreZero Arena,,Head-to-Head,
300,30.0,Sun,2022-04-17,19:30,Leverkusen,,,,RB Leipzig,,BayArena,,Head-to-Head,
301,,,,,,,,,,,,,,
302,31.0,Fri,2022-04-22,20:30,Wolfsburg,,,,Mainz 05,,Volkswagen Arena,,Head-to-Head,
303,31.0,Sat,2022-04-23,15:30,Eint Frankfurt,,,,Hoffenheim,,Commerzbank-Arena,,Head-to-Head,
304,31.0,Sat,2022-04-23,15:30,Köln,,,,Arminia,,RheinEnergieSTADION,,Head-to-Head,
305,31.0,Sat,2022-04-23,15:30,Freiburg,,,,M'Gladbach,,Europa-Park Stadion,,Head-to-Head,
306,31.0,Sat,2022-04-23,15:30,RB Leipzig,,,,Union Berlin,,Red Bull Arena,,Head-to-Head,
307,31.0,Sat,2022-04-23,15:30,Greuther Fürth,,,,Leverkusen,,Sportpark Ronhof Thomas Sommer,,Head-to-Head,
308,31.0,Sat,2022-04-23,18:30,Bayern Munich,,,,Dortmund,,Allianz Arena,,Head-to-Head,
309,31.0,Sun,2022-04-24,15:30,Bochum,,,,Augsburg,,Vonovia Ruhrstadion,,Head-to-Head,
310,31.0,Sun,2022-04-24,17:30,Hertha BSC,,,,Stuttgart,,Olympiastadion Berlin,,Head-to-Head,
311,,,,,,,,,,,,,,
312,32.0,Fri,2022-04-29,20:30,Union Berlin,,,,Greuther Fürth,,Stadion An der Alten Försterei,,Head-to-Head,
313,32.0,Sat,2022-04-30,15:30,Dortmund,,,,Bochum,,Signal Iduna Park,,Head-to-Head,
314,32.0,Sat,2022-04-30,15:30,Stuttgart,,,,Wolfsburg,,Mercedes-Benz Arena,,Head-to-Head,
315,32.0,Sat,2022-04-30,15:30,Arminia,,,,Hertha BSC,,SchücoArena,,Head-to-Head,
316,32.0,Sat,2022-04-30,15:30,Augsburg,,,,Köln,,WWK Arena,,Head-to-Head,
317,32.0,Sat,2022-04-30,15:30,Mainz 05,,,,Bayern Munich,,Opel Arena,,Head-to-Head,
318,32.0,Sat,2022-04-30,18:30,Hoffenheim,,,,Freiburg,,PreZero Arena,,Head-to-Head,
319,32.0,Mon,2022-05-02,20:30,M'Gladbach,,,,RB Leipzig,,Stadion im Borussia-Park,,Head-to-Head,
320,32.0,Mon,2022-05-02,20:30,Leverkusen,,,,Eint Frankfurt,,BayArena,,Head-to-Head,
321,,,,,,,,,,,,,,
322,33.0,Fri,2022-05-06,20:30,Bochum,,,,Arminia,,Vonovia Ruhrstadion,,Head-to-Head,
323,33.0,Sat,2022-05-07,15:30,Hoffenheim,,,,Leverkusen,,PreZero Arena,,Head-to-Head,
324,33.0,Sat,2022-05-07,15:30,Köln,,,,Wolfsburg,,RheinEnergieSTADION,,Head-to-Head,
325,33.0,Sat,2022-05-07,15:30,Greuther Fürth,,,,Dortmund,,Sportpark Ronhof Thomas Sommer,,Head-to-Head,
326,33.0,Sat,2022-05-07,15:30,Freiburg,,,,Union Berlin,,Europa-Park Stadion,,Head-to-Head,
327,33.0,Sat,2022-05-07,18:30,Hertha BSC,,,,Mainz 05,,Olympiastadion Berlin,,Head-to-Head,
328,33.0,Sun,2022-05-08,15:30,Eint Frankfurt,,,,M'Gladbach,,Commerzbank-Arena,,Head-to-Head,
329,33.0,Sun,2022-05-08,17:30,Bayern Munich,,,,Stuttgart,,Allianz Arena,,Head-to-Head,
330,33.0,Sun,2022-05-08,19:30,RB Leipzig,,,,Augsburg,,Red Bull Arena,,Head-to-Head,
331,,,,,,,,,,,,,,
332,34.0,Sat,2022-05-14,15:30,Wolfsburg,,,,Bayern Munich,,Volkswagen Arena,,Head-to-Head,
333,34.0,Sat,2022-05-14,15:30,Stuttgart,,,,Köln,,Mercedes-Benz Arena,,Head-to-Head,
334,34.0,Sat,2022-05-14,15:30,Leverkusen,,,,Freiburg,,BayArena,,Head-to-Head,
335,34.0,Sat,2022-05-14,15:30,Dortmund,,,,Hertha BSC,,Signal Iduna Park,,Head-to-Head,
336,34.0,Sat,2022-05-14,15:30,Mainz 05,,,,Eint Frankfurt,,Opel Arena,,Head-to-Head,
337,34.0,Sat,2022-05-14,15:30,M'Gladbach,,,,Hoffenheim,,Stadion im Borussia-Park,,Head-to-Head,
338,34.0,Sat,2022-05-14,15:30,Union Berlin,,,,Bochum,,Stadion An der Alten Försterei,,Head-to-Head,
339,34.0,Sat,2022-05-14,15:30,Augsburg,,,,Greuther Fürth,,WWK Arena,,Head-to-Head,
340,34.0,Sat,2022-05-14,15:30,Arminia,,,,RB Leipzig,,SchücoArena,,Head-to-Head,
