,Wk,Day,Date,Time,Home,xG,Score,xG.1,Away,Attendance,Venue,Referee,Match Report,Spread,home_odds,away_odds,Opening Spread,inter_spread_1,inter_spread_2,inter_spread_3
0,1,Fri,2022-08-05,20:30:00,Eint Frankfurt,,,,Bayern Munich,,Commerzbank-Arena,,Head-to-Head,1.25,1.91,1.91,1.25,,,
1,1,Sat,2022-08-06,15:30:00,Wolfsburg,,,,Werder Bremen,,Volkswagen Arena,,Head-to-Head,-0.5,1.943,1.98,-0.5,,,
2,1,Sat,2022-08-06,15:30:00,Augsburg,,,,Freiburg,,WWK Arena,,Head-to-Head,0.25,2.06,1.869,0.25,,,
3,1,Sat,2022-08-06,15:30:00,Union Berlin,,,,Hertha BSC,,Stadion An der Alten FÃ¶rsterei,,Head-to-Head,-0.75,2.11,1.833,-0.75,,,
4,1,Sat,2022-08-06,15:30:00,M'Gladbach,,,,Hoffenheim,,Stadion im Borussia-Park,,Head-to-Head,-0.25,1.943,1.98,-0.25,,,
5,1,Sat,2022-08-06,15:30:00,Bochum,,,,Mainz 05,,Vonovia Ruhrstadion,,Head-to-Head,0.25,1.943,1.98,0.25,,,
6,1,Sat,2022-08-06,18:30:00,Dortmund,,,,Leverkusen,,Signal Iduna Park,,Head-to-Head,-0.5,2.05,1.877,-0.25,,,
7,1,Sun,2022-08-07,15:30:00,Stuttgart,,,,RB Leipzig,,Mercedes-Benz Arena,,Head-to-Head,0.75,1.91,2.02,0.75,,,
8,1,Sun,2022-08-07,17:30:00,Köln,,,,Schalke 04,,RheinEnergieSTADION,,Head-to-Head,-0.75,2.08,1.85,-0.75,,,
9,2,Fri,2022-08-12,20:30:00,Freiburg,,,,Dortmund,,Europa-Park Stadion,,Head-to-Head,0.25,1.92,1.98,0.25,0.25,0.25,
10,2,Sat,2022-08-13,15:30:00,Hoffenheim,,,,Bochum,,PreZero Arena,,Head-to-Head,-1.0,1.97,1.93,-1.0,-1.0,-1.0,
11,2,Sat,2022-08-13,15:30:00,Werder Bremen,,,,Stuttgart,,Weserstadion,,Head-to-Head,-0.25,2.02,1.88,-0.25,-0.25,-0.25,
12,2,Sat,2022-08-13,15:30:00,Leverkusen,,,,Augsburg,,BayArena,,Head-to-Head,-1.5,1.95,1.95,-1.5,-1.5,-1.5,
13,2,Sat,2022-08-13,15:30:00,RB Leipzig,,,,Köln,,Red Bull Arena,,Head-to-Head,-1.25,1.95,1.95,-1.0,-1.0,-1.25,
14,2,Sat,2022-08-13,15:30:00,Hertha BSC,,,,Eint Frankfurt,,Olympiastadion Berlin,,Head-to-Head,0.25,1.87,2.03,0.0,0.0,0.25,
15,2,Sat,2022-08-13,18:30:00,Schalke 04,,,,M'Gladbach,,Veltins-Arena,,Head-to-Head,0.25,1.97,1.93,0.25,0.25,0.25,
16,2,Sun,2022-08-14,15:30:00,Mainz 05,,,,Union Berlin,,Opel Arena,,Head-to-Head,-0.25,1.92,1.98,-0.25,-0.25,-0.25,
17,2,Sun,2022-08-14,17:30:00,Bayern Munich,,,,Wolfsburg,,Allianz Arena,,Head-to-Head,-2.5,1.94,1.96,-2.25,-2.25,-2.5,
18,3,Fri,2022-08-19,20:30:00,M'Gladbach,,,,Hertha BSC,,Stadion im Borussia-Park,,Head-to-Head,-1.25,2.01,1.89,-1.0,-1.0,,
19,3,Sat,2022-08-20,15:30:00,Leverkusen,,,,Hoffenheim,,BayArena,,Head-to-Head,-0.75,1.83,2.07,-0.75,-0.75,,
20,3,Sat,2022-08-20,15:30:00,Augsburg,,,,Mainz 05,,WWK Arena,,Head-to-Head,0.25,2.07,1.83,0.25,0.25,,
21,3,Sat,2022-08-20,15:30:00,Stuttgart,,,,Freiburg,,Mercedes-Benz Arena,,Head-to-Head,0.0,1.96,1.94,0.0,0.0,,
22,3,Sat,2022-08-20,15:30:00,Dortmund,,,,Werder Bremen,,Signal Iduna Park,,Head-to-Head,-1.5,2.02,1.88,-1.25,-1.5,,
23,3,Sat,2022-08-20,15:30:00,Wolfsburg,,,,Schalke 04,,Volkswagen Arena,,Head-to-Head,-0.5,1.85,2.05,-0.5,-0.5,,
24,3,Sat,2022-08-20,18:30:00,Union Berlin,,,,RB Leipzig,,Stadion An der Alten FÃ¶rsterei,,Head-to-Head,0.25,2.06,1.84,0.25,0.25,,
25,3,Sun,2022-08-21,15:30:00,Eint Frankfurt,,,,Köln,,Commerzbank-Arena,,Head-to-Head,-0.25,1.8,2.1,-0.25,-0.25,,
26,3,Sun,2022-08-21,17:30:00,Bochum,,,,Bayern Munich,,Vonovia Ruhrstadion,,Head-to-Head,2.25,1.91,1.99,2.0,2.25,,
27,4,Fri,2022-08-26,20:30:00,Freiburg,,,,Bochum,,Europa-Park Stadion,,Head-to-Head,-1.25,2.05,1.85,-1.0,-1.25,-1.25,
28,4,Sat,2022-08-27,15:30:00,Hoffenheim,,,,Augsburg,,PreZero Arena,,Head-to-Head,-1.25,1.88,2.02,-0.75,-1.25,-1.25,
29,4,Sat,2022-08-27,15:30:00,Mainz 05,,,,Leverkusen,,Opel Arena,,Head-to-Head,0.0,1.98,1.92,0.25,0.0,0.0,
30,4,Sat,2022-08-27,15:30:00,RB Leipzig,,,,Wolfsburg,,Red Bull Arena,,Head-to-Head,-1.25,2.01,1.89,-1.0,-1.25,-1.25,
31,4,Sat,2022-08-27,15:30:00,Schalke 04,,,,Union Berlin,,Veltins-Arena,,Head-to-Head,0.25,1.93,1.97,0.25,0.25,0.25,
32,4,Sat,2022-08-27,15:30:00,Hertha BSC,,,,Dortmund,,Olympiastadion Berlin,,Head-to-Head,0.75,2.02,1.88,1.0,0.75,0.75,
33,4,Sat,2022-08-27,18:30:00,Bayern Munich,,,,M'Gladbach,,Allianz Arena,,Head-to-Head,-2.25,1.87,2.03,-1.75,-2.25,-2.25,
34,4,Sun,2022-08-28,15:30:00,Köln,,,,Stuttgart,,RheinEnergieSTADION,,Head-to-Head,-0.25,1.83,2.07,-0.5,-0.25,-0.5,
35,4,Sun,2022-08-28,17:30:00,Werder Bremen,,,,Eint Frankfurt,,Weserstadion,,Head-to-Head,-0.25,2.09,1.81,0.25,0.0,0.0,
36,5,Fri,2022-09-02,20:30:00,Dortmund,,,,Hoffenheim,,Signal Iduna Park,,Head-to-Head,-0.75,,,-1.0,-1.0,,
37,5,Sat,2022-09-03,15:30:00,Stuttgart,,,,Schalke 04,,Mercedes-Benz Arena,,Head-to-Head,-0.75,,,-0.5,-0.75,,
38,5,Sat,2022-09-03,15:30:00,Bochum,,,,Werder Bremen,,Vonovia Ruhrstadion,,Head-to-Head,0.25,,,0.25,0.25,,
39,5,Sat,2022-09-03,15:30:00,Union Berlin,,,,Bayern Munich,,Stadion An der Alten FÃ¶rsterei,,Head-to-Head,1.5,,,1.25,1.5,,
40,5,Sat,2022-09-03,15:30:00,Leverkusen,,,,Freiburg,,BayArena,,Head-to-Head,-0.5,,,-0.5,-0.5,,
41,5,Sat,2022-09-03,15:30:00,Wolfsburg,,,,Köln,,Volkswagen Arena,,Head-to-Head,-0.5,,,-0.25,-0.25,,
42,5,Sat,2022-09-03,18:30:00,Eint Frankfurt,,,,RB Leipzig,,Commerzbank-Arena,,Head-to-Head,0.5,,,0.5,0.5,,
43,5,Sun,2022-09-04,15:30:00,Augsburg,,,,Hertha BSC,,WWK Arena,,Head-to-Head,0.0,,,0.0,0.0,,
44,5,Sun,2022-09-04,17:30:00,M'Gladbach,,,,Mainz 05,,Stadion im Borussia-Park,,Head-to-Head,-0.25,,,-0.25,-0.25,,
45,6,Fri,2022-09-09,20:30:00,Werder Bremen,,,,Augsburg,,Weserstadion,,Head-to-Head,-1.0,,,-0.5,-0.5,,
46,6,Sat,2022-09-10,15:30:00,Bayern Munich,,,,Stuttgart,,Allianz Arena,,Head-to-Head,-2.5,,,-2.25,-2.25,,
47,6,Sat,2022-09-10,15:30:00,Eint Frankfurt,,,,Wolfsburg,,Commerzbank-Arena,,Head-to-Head,-0.5,,,-0.25,-0.25,,
48,6,Sat,2022-09-10,15:30:00,Hertha BSC,,,,Leverkusen,,Olympiastadion Berlin,,Head-to-Head,0.5,,,0.5,0.5,,
49,6,Sat,2022-09-10,15:30:00,Hoffenheim,,,,Mainz 05,,PreZero Arena,,Head-to-Head,-0.25,,,-0.25,-0.25,,
50,6,Sat,2022-09-10,15:30:00,RB Leipzig,,,,Dortmund,,Red Bull Arena,,Head-to-Head,-0.25,,,-0.25,-0.25,,
51,6,Sat,2022-09-10,18:30:00,Schalke 04,,,,Bochum,,Veltins-Arena,,Head-to-Head,-0.5,,,-0.25,-0.25,,
52,6,Sun,2022-09-11,15:30:00,Köln,,,,Union Berlin,,RheinEnergieSTADION,,Head-to-Head,-0.25,,,-0.25,-0.25,,
53,6,Sun,2022-09-11,17:30:00,Freiburg,,,,M'Gladbach,,Europa-Park Stadion,,Head-to-Head,-0.5,,,-0.25,-0.25,,
54,7,Fri,2022-09-16,20:30:00,Mainz 05,,,,Hertha BSC,,Opel Arena,,Head-to-Head,-0.75,,,-0.75,-0.75,-0.75,-0.75
55,7,Sat,2022-09-17,15:30:00,Dortmund,,,,Schalke 04,,Signal Iduna Park,,Head-to-Head,-1.5,,,-1.5,-1.5,-1.5,-1.5
56,7,Sat,2022-09-17,15:30:00,Leverkusen,,,,Werder Bremen,,BayArena,,Head-to-Head,-1.0,,,-0.5,-0.5,-1.0,-1.0
57,7,Sat,2022-09-17,15:30:00,Stuttgart,,,,Eint Frankfurt,,Mercedes-Benz Arena,,Head-to-Head,-0.25,,,-0.25,-0.25,-0.25,-0.25
58,7,Sat,2022-09-17,15:30:00,Augsburg,,,,Bayern Munich,,WWK Arena,,Head-to-Head,2.25,,,2.5,2.5,2.25,2.25
59,7,Sat,2022-09-17,18:30:00,M'Gladbach,,,,RB Leipzig,,Stadion im Borussia-Park,,Head-to-Head,0.25,,,0.25,0.25,0.25,0.25
60,7,Sun,2022-09-18,15:30:00,Union Berlin,,,,Wolfsburg,,Stadion An der Alten FÃ¶rsterei,,Head-to-Head,-0.5,,,-0.5,-0.5,-0.5,-0.5
61,7,Sun,2022-09-18,17:30:00,Bochum,,,,Köln,,Vonovia Ruhrstadion,,Head-to-Head,0.25,,,0.25,0.25,0.25,0.25
62,7,Sun,2022-09-18,19:30:00,Hoffenheim,,,,Freiburg,,PreZero Arena,,Head-to-Head,-0.25,,,-0.25,-0.25,-0.25,-0.25
63,8,Sat,2022-10-02,,Schalke 04,,,,Augsburg,,Veltins-Arena,,Head-to-Head,-0.5,,,-0.25,-0.5,-0.5,
64,8,Sat,2022-10-01,,Werder Bremen,,,,M'Gladbach,,Weserstadion,,Head-to-Head,0.0,,,0.0,0.0,0.0,
65,8,Sat,2022-10-02,,Hertha BSC,,,,Hoffenheim,,Olympiastadion Berlin,,Head-to-Head,0.25,,,0.25,0.0,0.0,
66,8,Sat,2022-10-01,,Freiburg,,,,Mainz 05,,Europa-Park Stadion,,Head-to-Head,-0.25,,,-0.25,-0.25,-0.25,
67,8,Sat,2022-10-01,,Eint Frankfurt,,,,Union Berlin,,Commerzbank-Arena,,Head-to-Head,-0.25,,,-0.25,-0.25,-0.25,
68,8,Sat,2022-10-01,,Köln,,,,Dortmund,,RheinEnergieSTADION,,Head-to-Head,0.25,,,0.5,0.5,0.25,
69,8,Sat,2022-10-01,,Wolfsburg,,,,Stuttgart,,Volkswagen Arena,,Head-to-Head,-0.25,,,-0.25,-0.25,-0.25,
70,8,Sat,2022-09-30,,Bayern Munich,,,,Leverkusen,,Allianz Arena,,Head-to-Head,-1.5,,,-1.75,-1.75,-1.5,
71,8,Sat,2022-10-01,,RB Leipzig,,,,Bochum,,Red Bull Arena,,Head-to-Head,-1.75,,,-1.75,-1.75,-1.75,
72,9,Sat,2022-10-08,,Dortmund,,,,Bayern Munich,,Signal Iduna Park,,Head-to-Head,1.0,,,0.5,0.5,0.75,
73,9,Sat,2022-10-09,,M'Gladbach,,,,Köln,,Stadion im Borussia-Park,,Head-to-Head,-0.5,,,-0.5,-0.5,-0.5,
74,9,Sat,2022-10-08,,Bochum,,,,Eint Frankfurt,,Vonovia Ruhrstadion,,Head-to-Head,0.5,,,0.5,0.5,0.5,
75,9,Sat,2022-10-09,,Stuttgart,,,,Union Berlin,,Mercedes-Benz Arena,,Head-to-Head,0.0,,,0.25,0.25,0.0,
76,9,Sat,2022-10-07,,Hoffenheim,,,,Werder Bremen,,PreZero Arena,,Head-to-Head,-0.5,,,-0.75,-0.75,-0.5,
77,9,Sat,2022-10-09,,Hertha BSC,,,,Freiburg,,Olympiastadion Berlin,,Head-to-Head,0.25,,,0.25,0.25,0.25,
78,9,Sat,2022-10-08,,Mainz 05,,,,RB Leipzig,,Opel Arena,,Head-to-Head,0.25,,,0.25,0.25,0.25,
79,9,Sat,2022-10-08,,Augsburg,,,,Wolfsburg,,WWK Arena,,Head-to-Head,0.25,,,-0.25,-0.25,0.0,
80,9,Sat,2022-10-08,,Leverkusen,,,,Schalke 04,,BayArena,,Head-to-Head,-1.25,,,-1.0,-1.0,-1.0,
81,10,Sat,2022-10-16,,Union Berlin,,,,Dortmund,,Stadion An der Alten FÃ¶rsterei,,Head-to-Head,0.25,,,0.25,0.25,,
82,10,Sat,2022-10-15,,Wolfsburg,,,,M'Gladbach,,Volkswagen Arena,,Head-to-Head,0.25,,,0.0,0.0,,
83,10,Sat,2022-10-15,,Eint Frankfurt,,,,Leverkusen,,Commerzbank-Arena,,Head-to-Head,0.0,,,0.0,0.0,,
84,10,Sat,2022-10-16,,Köln,,,,Augsburg,,RheinEnergieSTADION,,Head-to-Head,-0.75,,,-0.75,-0.75,,
85,10,Sat,2022-10-14,,Schalke 04,,,,Hoffenheim,,Veltins-Arena,,Head-to-Head,0.5,,,0.5,0.5,,
86,10,Sat,2022-10-16,,Bayern Munich,,,,Freiburg,,Allianz Arena,,Head-to-Head,-1.75,,,-1.75,-1.75,,
87,10,Sat,2022-10-15,,Werder Bremen,,,,Mainz 05,,Weserstadion,,Head-to-Head,-0.25,,,0.0,-0.25,,
88,10,Sat,2022-10-15,,Stuttgart,,,,Bochum,,Mercedes-Benz Arena,,Head-to-Head,-0.75,,,-1.0,-0.75,,
89,10,Sat,2022-10-15,,RB Leipzig,,,,Hertha BSC,,Red Bull Arena,,Head-to-Head,-1.25,,,-1.25,-1.25,,
90,11,Sat,2022-10-22,,Leverkusen,,,,Wolfsburg,,BayArena,,Head-to-Head,-0.75,,,-1.0,,,
91,11,Sat,2022-10-22,,Hoffenheim,,,,Bayern Munich,,PreZero Arena,,Head-to-Head,1.25,,,1.25,,,
92,11,Sat,2022-10-22,,Dortmund,,,,Stuttgart,,Signal Iduna Park,,Head-to-Head,-1.0,,,-1.25,,,
93,11,Sat,2022-10-23,,Bochum,,,,Union Berlin,,Vonovia Ruhrstadion,,Head-to-Head,0.5,,,0.5,,,
94,11,Sat,2022-10-23,,Hertha BSC,,,,Schalke 04,,Olympiastadion Berlin,,Head-to-Head,-0.75,,,-0.25,,,
95,11,Sat,2022-10-21,,Mainz 05,,,,Köln,,Opel Arena,,Head-to-Head,-0.25,,,-0.25,,,
96,11,Sat,2022-10-22,,Freiburg,,,,Werder Bremen,,Europa-Park Stadion,,Head-to-Head,-0.5,,,-0.5,,,
97,11,Sat,2022-10-22,,Augsburg,,,,RB Leipzig,,WWK Arena,,Head-to-Head,1.0,,,1.0,,,
98,11,Sat,2022-10-22,,M'Gladbach,,,,Eint Frankfurt,,Stadion im Borussia-Park,,Head-to-Head,-0.25,,,-0.25,,,
99,12,Sat,2022-10-29,,Bayern Munich,,,,Mainz 05,,Allianz Arena,,Head-to-Head,-1.75,,,-1.75,-1.75,,
100,12,Sat,2022-10-30,,Schalke 04,,,,Freiburg,,Veltins-Arena,,Head-to-Head,0.5,,,0.5,0.5,,
101,12,Sat,2022-10-29,,Wolfsburg,,,,Bochum,,Volkswagen Arena,,Head-to-Head,-0.75,,,-0.5,-0.5,,
102,12,Sat,2022-10-29,,RB Leipzig,,,,Leverkusen,,Red Bull Arena,,Head-to-Head,-0.75,,,-0.5,-0.5,,
103,12,Sat,2022-10-29,,Stuttgart,,,,Augsburg,,Mercedes-Benz Arena,,Head-to-Head,-0.5,,,-0.5,-0.5,,
104,12,Sat,2022-10-28,,Werder Bremen,,,,Hertha BSC,,Weserstadion,,Head-to-Head,-0.5,,,-0.5,-0.5,,
105,12,Sat,2022-10-30,,Union Berlin,,,,M'Gladbach,,Stadion An der Alten FÃ¶rsterei,,Head-to-Head,-0.5,,,-0.25,-0.25,,
106,12,Sat,2022-10-29,,Eint Frankfurt,,,,Dortmund,,Commerzbank-Arena,,Head-to-Head,0.25,,,0.25,0.25,,
107,12,Sat,2022-10-30,,Köln,,,,Hoffenheim,,RheinEnergieSTADION,,Head-to-Head,0.0,,,0.0,0.0,,
108,13,Sat,2022-11-05,,Dortmund,,,,Bochum,,Signal Iduna Park,,Head-to-Head,-1.75,,,-1.75,,,
109,13,Sat,2022-11-05,,Mainz 05,,,,Wolfsburg,,Opel Arena,,Head-to-Head,-0.5,,,-0.5,,,
110,13,Sat,2022-11-04,,M'Gladbach,,,,Stuttgart,,Stadion im Borussia-Park,,Head-to-Head,-0.5,,,-0.5,,,
111,13,Sat,2022-11-05,,Werder Bremen,,,,Schalke 04,,Weserstadion,,Head-to-Head,-1.0,,,-0.75,,,
112,13,Sat,2022-11-05,,Augsburg,,,,Eint Frankfurt,,WWK Arena,,Head-to-Head,0.75,,,0.5,,,
113,13,Sat,2022-11-06,,Freiburg,,,,Köln,,Europa-Park Stadion,,Head-to-Head,-0.75,,,-0.5,,,
114,13,Sat,2022-11-05,,Hertha BSC,,,,Bayern Munich,,Olympiastadion Berlin,,Head-to-Head,1.75,,,1.75,,,
115,13,Sat,2022-11-05,,Hoffenheim,,,,RB Leipzig,,PreZero Arena,,Head-to-Head,0.25,,,0.0,,,
116,13,Sat,2022-11-06,,Leverkusen,,,,Union Berlin,,BayArena,,Head-to-Head,-0.25,,,-0.25,,,
117,14,Tue,2022-11-08,,Stuttgart,,,,Hertha BSC,,Mercedes-Benz Arena,,Head-to-Head,-0.5,,,-0.5,,,
118,14,Tue,2022-11-08,,Bochum,,,,M'Gladbach,,Vonovia Ruhrstadion,,Head-to-Head,0.0,,,0.5,,,
119,14,Tue,2022-11-09,,Union Berlin,,,,Augsburg,,Stadion An der Alten FÃ¶rsterei,,Head-to-Head,-0.75,,,-1.0,,,
120,14,Tue,2022-11-09,,Schalke 04,,,,Mainz 05,,Veltins-Arena,,Head-to-Head,0.25,,,0.5,,,
121,14,Tue,2022-11-09,,RB Leipzig,,,,Freiburg,,Red Bull Arena,,Head-to-Head,-0.5,,,-0.75,,,
122,14,Tue,2022-11-08,,Wolfsburg,,,,Dortmund,,Volkswagen Arena,,Head-to-Head,0.25,,,0.25,,,
123,14,Tue,2022-11-08,,Bayern Munich,,,,Werder Bremen,,Allianz Arena,,Head-to-Head,-2.25,,,-2.25,,,
124,14,Tue,2022-11-09,,Eint Frankfurt,,,,Hoffenheim,,Commerzbank-Arena,,Head-to-Head,-0.75,,,-0.25,,,
125,14,Tue,2022-11-09,,Köln,,,,Leverkusen,,RheinEnergieSTADION,,Head-to-Head,0.25,,,0.25,,,
126,15,Sat,2022-11-12,,Augsburg,,,,Bochum,,WWK Arena,,Head-to-Head,-0.25,,,-0.5,,,
127,15,Sat,2022-11-12,,Hoffenheim,,,,Wolfsburg,,PreZero Arena,,Head-to-Head,-0.25,,,-0.5,,,
128,15,Sat,2022-11-12,,Werder Bremen,,,,RB Leipzig,,Weserstadion,,Head-to-Head,0.5,,,0.5,,,
129,15,Sat,2022-11-13,,Mainz 05,,,,Eint Frankfurt,,Opel Arena,,Head-to-Head,0.25,,,0.0,,,
130,15,Sat,2022-11-13,,Freiburg,,,,Union Berlin,,Europa-Park Stadion,,Head-to-Head,-0.5,,,-0.25,,,
131,15,Sat,2022-11-12,,Schalke 04,,,,Bayern Munich,,Veltins-Arena,,Head-to-Head,2.25,,,2.25,,,
132,15,Sat,2022-11-11,,M'Gladbach,,,,Dortmund,,Stadion im Borussia-Park,,Head-to-Head,0.25,,,0.25,,,
133,15,Sat,2022-11-12,,Hertha BSC,,,,Köln,,Olympiastadion Berlin,,Head-to-Head,-0.25,,,0.0,,,
134,15,Sat,2022-11-12,,Leverkusen,,,,Stuttgart,,BayArena,,Head-to-Head,-0.75,,,-0.75,,,
135,16,Sat,2023-01-21,,Köln,,,,Werder Bremen,,RheinEnergieSTADION,,Head-to-Head,-0.25,,,-0.25,-0.25,,
136,16,Sat,2023-01-22,,Dortmund,,,,Augsburg,,Signal Iduna Park,,Head-to-Head,-1.75,,,-1.5,-1.5,,
137,16,Sat,2023-01-21,,Union Berlin,,,,Hoffenheim,,Stadion An der Alten FÃ¶rsterei,,Head-to-Head,-0.25,,,-0.5,-0.25,,
138,16,Sat,2023-01-21,,Stuttgart,,,,Mainz 05,,Mercedes-Benz Arena,,Head-to-Head,-0.25,,,-0.25,-0.25,,
139,16,Sat,2023-01-21,,Bochum,,,,Hertha BSC,,Vonovia Ruhrstadion,,Head-to-Head,-0.25,,,0.0,-0.25,,
140,16,Sat,2023-01-21,,Wolfsburg,,,,Freiburg,,Volkswagen Arena,,Head-to-Head,0.0,,,0.0,0.0,,
141,16,Sat,2023-01-21,,Eint Frankfurt,,,,Schalke 04,,Commerzbank-Arena,,Head-to-Head,-1.5,,,-1.25,-1.5,,
142,16,Sat,2023-01-22,,M'Gladbach,,,,Leverkusen,,Stadion im Borussia-Park,,Head-to-Head,0.0,,,0.0,0.0,,
143,16,Sat,2023-01-20,,RB Leipzig,,,,Bayern Munich,,Red Bull Arena,,Head-to-Head,0.5,,,0.5,0.5,,
144,17,Tue,2023-01-25,,Werder Bremen,,,,Union Berlin,,Weserstadion,,Head-to-Head,0.0,,,0.0,0.0,,
145,17,Tue,2023-01-25,,Freiburg,,,,Eint Frankfurt,,Europa-Park Stadion,,Head-to-Head,0.0,,,-0.5,0.0,,
146,17,Tue,2023-01-24,,Hoffenheim,,,,Stuttgart,,PreZero Arena,,Head-to-Head,-0.5,,,-0.5,-0.5,,
147,17,Tue,2023-01-24,,Hertha BSC,,,,Wolfsburg,,Olympiastadion Berlin,,Head-to-Head,0.0,,,0.0,0.0,,
148,17,Tue,2023-01-24,,Schalke 04,,,,RB Leipzig,,Veltins-Arena,,Head-to-Head,1.0,,,1.0,1.0,,
149,17,Tue,2023-01-25,,Augsburg,,,,M'Gladbach,,WWK Arena,,Head-to-Head,0.25,,,0.25,0.25,,
150,17,Tue,2023-01-25,,Mainz 05,,,,Dortmund,,Opel Arena,,Head-to-Head,0.25,,,0.25,0.25,,
151,17,Tue,2023-01-24,,Bayern Munich,,,,Köln,,Allianz Arena,,Head-to-Head,-2.25,,,-2.25,-2.25,,
152,17,Tue,2023-01-25,,Leverkusen,,,,Bochum,,BayArena,,Head-to-Head,-1.25,,,-1.25,-1.25,,
153,18,Sat,2023-01-28,,Hoffenheim,,,,M'Gladbach,,PreZero Arena,,Head-to-Head,-0.5,,,-0.5,-0.5,-0.5,
154,18,Sat,2023-01-29,,Leverkusen,,,,Dortmund,,BayArena,,Head-to-Head,0.0,,,0.0,0.0,0.0,
155,18,Sat,2023-01-28,,Freiburg,,,,Augsburg,,Europa-Park Stadion,,Head-to-Head,-1.0,,,-1.0,-1.0,-1.0,
156,18,Sat,2023-01-28,,Mainz 05,,,,Bochum,,Opel Arena,,Head-to-Head,-0.75,,,-0.75,-0.75,-0.75,
157,18,Sat,2023-01-28,,Bayern Munich,,,,Eint Frankfurt,,Allianz Arena,,Head-to-Head,-1.75,,,-1.5,-1.5,-1.75,
158,18,Sat,2023-01-27,,RB Leipzig,,,,Stuttgart,,Red Bull Arena,,Head-to-Head,-1.25,,,-1.25,-1.25,-1.25,
159,18,Sat,2023-01-28,,Werder Bremen,,,,Wolfsburg,,Weserstadion,,Head-to-Head,0.25,,,0.25,0.25,0.25,
160,18,Sat,2023-01-28,,Hertha BSC,,,,Union Berlin,,Olympiastadion Berlin,,Head-to-Head,0.25,,,0.25,0.25,0.25,
161,18,Sat,2023-01-29,,Schalke 04,,,,Köln,,Veltins-Arena,,Head-to-Head,0.5,,,0.5,0.5,0.5,
162,19,Sat,2023-02-05,,Wolfsburg,,,,Bayern Munich,,Volkswagen Arena,,Head-to-Head,1.0,,,1.0,1.0,1.0,1.0
163,19,Sat,2023-02-03,,Augsburg,,,,Leverkusen,,WWK Arena,,Head-to-Head,0.5,,,0.75,0.75,0.5,0.5
164,19,Sat,2023-02-04,,Eint Frankfurt,,,,Hertha BSC,,Commerzbank-Arena,,Head-to-Head,-1.25,,,-1.0,-1.0,-1.0,-1.25
165,19,Sat,2023-02-04,,Bochum,,,,Hoffenheim,,Vonovia Ruhrstadion,,Head-to-Head,0.0,,,0.25,0.25,0.25,0.0
166,19,Sat,2023-02-04,,Köln,,,,RB Leipzig,,RheinEnergieSTADION,,Head-to-Head,0.5,,,0.5,0.5,0.5,0.5
167,19,Sat,2023-02-04,,Dortmund,,,,Freiburg,,Signal Iduna Park,,Head-to-Head,-0.75,,,-0.75,-0.75,-0.75,-0.75
168,19,Sat,2023-02-05,,Stuttgart,,,,Werder Bremen,,Mercedes-Benz Arena,,Head-to-Head,-0.5,,,-0.25,-0.25,-0.25,-0.25
169,19,Sat,2023-02-04,,Union Berlin,,,,Mainz 05,,Stadion An der Alten FÃ¶rsterei,,Head-to-Head,-0.5,,,-0.25,-0.25,-0.25,-0.5
170,19,Sat,2023-02-04,,M'Gladbach,,,,Schalke 04,,Stadion im Borussia-Park,,Head-to-Head,-1.0,,,-1.0,-1.0,-1.0,-1.0
171,20,Sat,2023-02-12,,Hertha BSC,,,,M'Gladbach,,Olympiastadion Berlin,,Head-to-Head,0.0,,,0.25,,,
172,20,Sat,2023-02-11,,Bayern Munich,,,,Bochum,,Allianz Arena,,Head-to-Head,-2.5,,,-2.5,,,
173,20,Sat,2023-02-12,,Köln,,,,Eint Frankfurt,,RheinEnergieSTADION,,Head-to-Head,0.0,,,0.0,,,
174,20,Sat,2023-02-11,,RB Leipzig,,,,Union Berlin,,Red Bull Arena,,Head-to-Head,-0.75,,,-0.75,,,
175,20,Sat,2023-02-11,,Mainz 05,,,,Augsburg,,Opel Arena,,Head-to-Head,-0.75,,,-0.75,,,
176,20,Sat,2023-02-11,,Freiburg,,,,Stuttgart,,Europa-Park Stadion,,Head-to-Head,-0.5,,,-0.75,,,
177,20,Sat,2023-02-10,,Schalke 04,,,,Wolfsburg,,Veltins-Arena,,Head-to-Head,0.5,,,0.5,,,
178,20,Sat,2023-02-11,,Hoffenheim,,,,Leverkusen,,PreZero Arena,,Head-to-Head,0.25,,,0.0,,,
179,20,Sat,2023-02-11,,Werder Bremen,,,,Dortmund,,Weserstadion,,Head-to-Head,0.75,,,0.5,,,
180,21,Sat,2023-02-17,,Augsburg,,,,Hoffenheim,,WWK Arena,,Head-to-Head,0.0,,,0.0,,,
181,21,Sat,2023-02-18,,Wolfsburg,,,,RB Leipzig,,Volkswagen Arena,,Head-to-Head,0.25,,,0.25,,,
182,21,Sat,2023-02-18,,Eint Frankfurt,,,,Werder Bremen,,Commerzbank-Arena,,Head-to-Head,-1.0,,,-1.0,,,
183,21,Sat,2023-02-19,,Leverkusen,,,,Mainz 05,,BayArena,,Head-to-Head,-0.75,,,-0.75,,,
184,21,Sat,2023-02-18,,M'Gladbach,,,,Bayern Munich,,Stadion im Borussia-Park,,Head-to-Head,1.5,,,1.5,,,
185,21,Sat,2023-02-19,,Union Berlin,,,,Schalke 04,,Stadion An der Alten FÃ¶rsterei,,Head-to-Head,-1.0,,,-1.0,,,
186,21,Sat,2023-02-18,,Bochum,,,,Freiburg,,Vonovia Ruhrstadion,,Head-to-Head,0.25,,,0.25,,,
187,21,Sat,2023-02-18,,Stuttgart,,,,Köln,,Mercedes-Benz Arena,,Head-to-Head,-0.25,,,-0.25,,,
188,21,Sat,2023-02-19,,Dortmund,,,,Hertha BSC,,Signal Iduna Park,,Head-to-Head,-1.5,,,-1.5,,,
189,22,Sat,2023-02-25,,Hertha BSC,,,,Augsburg,,Olympiastadion Berlin,,Head-to-Head,-0.25,,,-0.25,,,
190,22,Sat,2023-02-25,,Hoffenheim,,,,Dortmund,,PreZero Arena,,Head-to-Head,0.75,,,0.5,,,
191,22,Sat,2023-02-25,,Schalke 04,,,,Stuttgart,,Veltins-Arena,,Head-to-Head,0.25,,,0.25,,,
192,22,Sat,2023-02-26,,Freiburg,,,,Leverkusen,,Europa-Park Stadion,,Head-to-Head,-0.25,,,0.0,,,
193,22,Sat,2023-02-24,,Mainz 05,,,,M'Gladbach,,Opel Arena,,Head-to-Head,-0.25,,,-0.25,,,
194,22,Sat,2023-02-25,,Werder Bremen,,,,Bochum,,Weserstadion,,Head-to-Head,-0.5,,,-0.5,,,
195,22,Sat,2023-02-26,,Bayern Munich,,,,Union Berlin,,Allianz Arena,,Head-to-Head,-1.25,,,-1.5,,,
196,22,Sat,2023-02-25,,Köln,,,,Wolfsburg,,RheinEnergieSTADION,,Head-to-Head,-0.25,,,0.0,,,
197,22,Sat,2023-02-25,,RB Leipzig,,,,Eint Frankfurt,,Red Bull Arena,,Head-to-Head,-0.75,,,-0.75,,,
198,23,Sat,2023-03-04,,Bochum,,,,Schalke 04,,Vonovia Ruhrstadion,,Head-to-Head,-0.25,,,-0.25,,,
199,23,Sat,2023-03-04,,M'Gladbach,,,,Freiburg,,Stadion im Borussia-Park,,Head-to-Head,0.0,,,0.0,,,
200,23,Sat,2023-03-05,,Leverkusen,,,,Hertha BSC,,BayArena,,Head-to-Head,-1.0,,,-1.0,,,
201,23,Sat,2023-03-04,,Stuttgart,,,,Bayern Munich,,Mercedes-Benz Arena,,Head-to-Head,1.25,,,1.0,,,
202,23,Sat,2023-03-04,,Mainz 05,,,,Hoffenheim,,Opel Arena,,Head-to-Head,-0.5,,,-0.25,,,
203,23,Sat,2023-03-04,,Augsburg,,,,Werder Bremen,,WWK Arena,,Head-to-Head,-0.25,,,-0.25,,,
204,23,Sat,2023-03-04,,Union Berlin,,,,Köln,,Stadion An der Alten FÃ¶rsterei,,Head-to-Head,-0.5,,,-0.5,,,
205,23,Sat,2023-03-05,,Wolfsburg,,,,Eint Frankfurt,,Volkswagen Arena,,Head-to-Head,0.0,,,0.0,,,
206,23,Sat,2023-03-03,,Dortmund,,,,RB Leipzig,,Signal Iduna Park,,Head-to-Head,-0.25,,,-0.25,,,
207,24,Sat,2023-03-11,,Eint Frankfurt,,,,Stuttgart,,Commerzbank-Arena,,Head-to-Head,-0.5,,,-0.5,,,
208,24,Sat,2023-03-12,,Freiburg,,,,Hoffenheim,,Europa-Park Stadion,,Head-to-Head,-0.5,,,-0.5,,,
209,24,Sat,2023-03-11,,Bayern Munich,,,,Augsburg,,Allianz Arena,,Head-to-Head,-2.75,,,-2.5,,,
210,24,Sat,2023-03-11,,Hertha BSC,,,,Mainz 05,,Olympiastadion Berlin,,Head-to-Head,0.25,,,0.0,,,
211,24,Sat,2023-03-11,,RB Leipzig,,,,M'Gladbach,,Red Bull Arena,,Head-to-Head,-1.25,,,-1.25,,,
212,24,Sat,2023-03-12,,Werder Bremen,,,,Leverkusen,,Weserstadion,,Head-to-Head,0.5,,,0.25,,,
213,24,Sat,2023-03-12,,Wolfsburg,,,,Union Berlin,,Volkswagen Arena,,Head-to-Head,-0.25,,,-0.25,,,
214,24,Sat,2023-03-11,,Schalke 04,,,,Dortmund,,Veltins-Arena,,Head-to-Head,0.75,,,1.0,,,
215,24,Sat,2023-03-10,,Köln,,,,Bochum,,RheinEnergieSTADION,,Head-to-Head,-0.75,,,-0.75,,,
216,25,Sat,2023-03-18,,Augsburg,,,,Schalke 04,,WWK Arena,,Head-to-Head,-0.25,,,-0.25,,,
217,25,Sat,2023-03-18,,Stuttgart,,,,Wolfsburg,,Mercedes-Benz Arena,,Head-to-Head,-0.25,,,0.0,,,
218,25,Sat,2023-03-19,,Union Berlin,,,,Eint Frankfurt,,Stadion An der Alten FÃ¶rsterei,,Head-to-Head,-0.25,,,-0.25,,,
219,25,Sat,2023-03-18,,Hoffenheim,,,,Hertha BSC,,PreZero Arena,,Head-to-Head,-0.25,,,-0.5,,,
220,25,Sat,2023-03-18,,Dortmund,,,,Köln,,Signal Iduna Park,,Head-to-Head,-1.25,,,-1.0,,,
221,25,Sat,2023-03-17,,M'Gladbach,,,,Werder Bremen,,Stadion im Borussia-Park,,Head-to-Head,-0.5,,,-0.5,,,
222,25,Sat,2023-03-19,,Mainz 05,,,,Freiburg,,Opel Arena,,Head-to-Head,-0.25,,,-0.25,,,
223,25,Sat,2023-03-19,,Leverkusen,,,,Bayern Munich,,BayArena,,Head-to-Head,1.0,,,1.0,,,
224,25,Sat,2023-03-18,,Bochum,,,,RB Leipzig,,Vonovia Ruhrstadion,,Head-to-Head,1.0,,,1.0,,,
225,26,Sat,2023-04-02,,Werder Bremen,,,,Hoffenheim,,Weserstadion,,Head-to-Head,-0.25,,,-0.25,,,
226,26,Sat,2023-04-01,,Union Berlin,,,,Stuttgart,,Stadion An der Alten FÃ¶rsterei,,Head-to-Head,-0.5,,,-0.5,,,
227,26,Sat,2023-04-01,,Wolfsburg,,,,Augsburg,,Volkswagen Arena,,Head-to-Head,-1.0,,,-1.0,,,
228,26,Sat,2023-04-01,,Schalke 04,,,,Leverkusen,,Veltins-Arena,,Head-to-Head,0.5,,,0.5,,,
229,26,Sat,2023-03-31,,Eint Frankfurt,,,,Bochum,,Commerzbank-Arena,,Head-to-Head,-1.0,,,-1.0,,,
230,26,Sat,2023-04-01,,RB Leipzig,,,,Mainz 05,,Red Bull Arena,,Head-to-Head,-1.0,,,-1.0,,,
231,26,Sat,2023-04-01,,Bayern Munich,,,,Dortmund,,Allianz Arena,,Head-to-Head,-1.25,,,-1.25,,,
232,26,Sat,2023-04-02,,Köln,,,,M'Gladbach,,RheinEnergieSTADION,,Head-to-Head,-0.25,,,-0.25,,,
233,26,Sat,2023-04-01,,Freiburg,,,,Hertha BSC,,Europa-Park Stadion,,Head-to-Head,-0.75,,,-0.75,,,
234,27,Sat,2023-04-08,,Dortmund,,,,Union Berlin,,Signal Iduna Park,,Head-to-Head,-0.75,,,-0.75,,,
235,27,Sat,2023-04-08,,Freiburg,,,,Bayern Munich,,Europa-Park Stadion,,Head-to-Head,1.25,,,1.25,,,
236,27,Sat,2023-04-09,,M'Gladbach,,,,Wolfsburg,,Stadion im Borussia-Park,,Head-to-Head,-0.25,,,-0.25,,,
237,27,Sat,2023-04-08,,Hertha BSC,,,,RB Leipzig,,Olympiastadion Berlin,,Head-to-Head,0.75,,,1.0,,,
238,27,Sat,2023-04-08,,Mainz 05,,,,Werder Bremen,,Opel Arena,,Head-to-Head,-0.75,,,-0.5,,,
239,27,Sat,2023-04-09,,Hoffenheim,,,,Schalke 04,,PreZero Arena,,Head-to-Head,-0.5,,,-0.5,,,
240,27,Sat,2023-04-08,,Leverkusen,,,,Eint Frankfurt,,BayArena,,Head-to-Head,-0.5,,,-0.5,,,
241,27,Sat,2023-04-09,,Bochum,,,,Stuttgart,,Vonovia Ruhrstadion,,Head-to-Head,0.25,,,0.25,,,
242,27,Sat,2023-04-08,,Augsburg,,,,Köln,,WWK Arena,,Head-to-Head,0.25,,,0.25,,,
243,28,Sat,2023-04-16,,Werder Bremen,,,,Freiburg,,Weserstadion,,Head-to-Head,0.0,,,0.0,,,
244,28,Sat,2023-04-15,,Eint Frankfurt,,,,M'Gladbach,,Commerzbank-Arena,,Head-to-Head,-0.75,,,-0.75,,,
245,28,Sat,2023-04-16,,Wolfsburg,,,,Leverkusen,,Volkswagen Arena,,Head-to-Head,0.0,,,0.0,,,
246,28,Sat,2023-04-16,,Union Berlin,,,,Bochum,,Stadion An der Alten FÃ¶rsterei,,Head-to-Head,-1.0,,,-1.0,,,
247,28,Sat,2023-04-15,,Bayern Munich,,,,Hoffenheim,,Allianz Arena,,Head-to-Head,-2.25,,,-2.25,,,
248,28,Sat,2023-04-15,,Köln,,,,Mainz 05,,RheinEnergieSTADION,,Head-to-Head,0.0,,,0.0,,,
249,28,Sat,2023-04-15,,Stuttgart,,,,Dortmund,,Mercedes-Benz Arena,,Head-to-Head,0.5,,,0.5,,,
250,28,Sat,2023-04-14,,Schalke 04,,,,Hertha BSC,,Veltins-Arena,,Head-to-Head,-0.25,,,-0.25,,,
251,28,Sat,2023-04-15,,RB Leipzig,,,,Augsburg,,Red Bull Arena,,Head-to-Head,-1.75,,,-1.75,,,
252,29,Sat,2023-04-21,,Augsburg,,,,Stuttgart,,WWK Arena,,Head-to-Head,0.25,,,0.25,,,
253,29,Sat,2023-04-23,,Leverkusen,,,,RB Leipzig,,BayArena,,Head-to-Head,0.0,,,0.0,,,
254,29,Sat,2023-04-22,,Mainz 05,,,,Bayern Munich,,Opel Arena,,Head-to-Head,1.0,,,1.0,,,
255,29,Sat,2023-04-22,,Bochum,,,,Wolfsburg,,Vonovia Ruhrstadion,,Head-to-Head,0.25,,,0.25,,,
256,29,Sat,2023-04-22,,Dortmund,,,,Eint Frankfurt,,Signal Iduna Park,,Head-to-Head,-1.0,,,-1.0,,,
257,29,Sat,2023-04-22,,Hertha BSC,,,,Werder Bremen,,Olympiastadion Berlin,,Head-to-Head,-0.25,,,-0.25,,,
258,29,Sat,2023-04-22,,Hoffenheim,,,,Köln,,PreZero Arena,,Head-to-Head,-0.25,,,-0.25,,,
259,29,Sat,2023-04-23,,M'Gladbach,,,,Union Berlin,,Stadion im Borussia-Park,,Head-to-Head,-0.25,,,-0.25,,,
260,29,Sat,2023-04-23,,Freiburg,,,,Schalke 04,,Europa-Park Stadion,,Head-to-Head,-0.75,,,-0.75,,,
261,30,Sat,2023-04-29,,Köln,,,,Freiburg,,RheinEnergieSTADION,,Head-to-Head,-0.25,,,-0.25,,,
262,30,Sat,2023-04-28,,Bochum,,,,Dortmund,,Vonovia Ruhrstadion,,Head-to-Head,0.75,,,0.75,,,
263,30,Sat,2023-04-29,,Stuttgart,,,,M'Gladbach,,Mercedes-Benz Arena,,Head-to-Head,-0.5,,,-0.5,,,
264,30,Sat,2023-04-29,,RB Leipzig,,,,Hoffenheim,,Red Bull Arena,,Head-to-Head,-1.25,,,-1.25,,,
265,30,Sat,2023-04-29,,Union Berlin,,,,Leverkusen,,Stadion An der Alten FÃ¶rsterei,,Head-to-Head,0.0,,,0.0,,,
266,30,Sat,2023-04-30,,Bayern Munich,,,,Hertha BSC,,Allianz Arena,,Head-to-Head,-2.5,,,-2.5,,,
267,30,Sat,2023-04-30,,Wolfsburg,,,,Mainz 05,,Volkswagen Arena,,Head-to-Head,-0.25,,,-0.25,,,
268,30,Sat,2023-04-29,,Schalke 04,,,,Werder Bremen,,Veltins-Arena,,Head-to-Head,-0.25,,,-0.25,,,
269,30,Sat,2023-04-29,,Eint Frankfurt,,,,Augsburg,,Commerzbank-Arena,,Head-to-Head,-1.0,,,-1.0,,,
270,31,Sat,2023-05-06,,Hoffenheim,,,,Eint Frankfurt,,PreZero Arena,,Head-to-Head,-0.25,,,-0.25,,,
271,31,Sat,2023-05-06,,Hertha BSC,,,,Stuttgart,,Olympiastadion Berlin,,Head-to-Head,0.25,,,0.25,,,
272,31,Sat,2023-05-06,,Freiburg,,,,RB Leipzig,,Europa-Park Stadion,,Head-to-Head,0.5,,,0.5,,,
273,31,Sat,2023-05-05,,Leverkusen,,,,Köln,,BayArena,,Head-to-Head,-0.75,,,-0.75,,,
274,31,Sat,2023-05-06,,Werder Bremen,,,,Bayern Munich,,Weserstadion,,Head-to-Head,1.75,,,1.75,,,
275,31,Sat,2023-05-05,,Mainz 05,,,,Schalke 04,,Opel Arena,,Head-to-Head,-0.75,,,-0.75,,,
276,31,Sat,2023-05-06,,M'Gladbach,,,,Bochum,,Stadion im Borussia-Park,,Head-to-Head,-0.5,,,-0.5,,,
277,31,Sat,2023-05-07,,Dortmund,,,,Wolfsburg,,Signal Iduna Park,,Head-to-Head,-1.25,,,-1.25,,,
278,31,Sat,2023-05-06,,Augsburg,,,,Union Berlin,,WWK Arena,,Head-to-Head,0.25,,,0.25,,,
279,32,Sat,2023-05-14,,RB Leipzig,,,,Werder Bremen,,Red Bull Arena,,Head-to-Head,-1.5,,,-1.5,,,
280,32,Sat,2023-05-13,,Eint Frankfurt,,,,Mainz 05,,Commerzbank-Arena,,Head-to-Head,-0.25,,,-0.25,,,
281,32,Sat,2023-05-14,,Stuttgart,,,,Leverkusen,,Mercedes-Benz Arena,,Head-to-Head,0.0,,,0.0,,,
282,32,Sat,2023-05-12,,Köln,,,,Hertha BSC,,RheinEnergieSTADION,,Head-to-Head,-0.5,,,-0.5,,,
283,32,Sat,2023-05-13,,Wolfsburg,,,,Hoffenheim,,Volkswagen Arena,,Head-to-Head,-0.5,,,-0.5,,,
284,32,Sat,2023-05-13,,Dortmund,,,,M'Gladbach,,Signal Iduna Park,,Head-to-Head,-1.5,,,-1.5,,,
285,32,Sat,2023-05-13,,Union Berlin,,,,Freiburg,,Stadion An der Alten FÃ¶rsterei,,Head-to-Head,-0.25,,,-0.25,,,
286,32,Sat,2023-05-13,,Bochum,,,,Augsburg,,Vonovia Ruhrstadion,,Head-to-Head,-0.25,,,-0.25,,,
287,32,Sat,2023-05-13,,Bayern Munich,,,,Schalke 04,,Allianz Arena,,Head-to-Head,-2.5,,,-2.5,,,
288,33,Sat,2023-05-20,,Schalke 04,,,,Eint Frankfurt,,Veltins-Arena,,Head-to-Head,,,,,,,
289,33,Sat,2023-05-20,,Werder Bremen,,,,Köln,,Weserstadion,,Head-to-Head,,,,,,,
290,33,Sat,2023-05-20,,Mainz 05,,,,Stuttgart,,Opel Arena,,Head-to-Head,,,,,,,
291,33,Sat,2023-05-20,,Freiburg,,,,Wolfsburg,,Europa-Park Stadion,,Head-to-Head,,,,,,,
292,33,Sat,2023-05-20,,Augsburg,,,,Dortmund,,WWK Arena,,Head-to-Head,,,,,,,
293,33,Sat,2023-05-20,,Hertha BSC,,,,Bochum,,Olympiastadion Berlin,,Head-to-Head,,,,,,,
294,33,Sat,2023-05-20,,Bayern Munich,,,,RB Leipzig,,Allianz Arena,,Head-to-Head,,,,,,,
295,33,Sat,2023-05-20,,Leverkusen,,,,M'Gladbach,,BayArena,,Head-to-Head,,,,,,,
296,33,Sat,2023-05-20,,Hoffenheim,,,,Union Berlin,,PreZero Arena,,Head-to-Head,,,,,,,
297,34,Sat,2023-05-27,,RB Leipzig,,,,Schalke 04,,Red Bull Arena,,Head-to-Head,,,,,,,
298,34,Sat,2023-05-27,,Bochum,,,,Leverkusen,,Vonovia Ruhrstadion,,Head-to-Head,,,,,,,
299,34,Sat,2023-05-27,,Union Berlin,,,,Werder Bremen,,Stadion An der Alten FÃ¶rsterei,,Head-to-Head,,,,,,,
300,34,Sat,2023-05-27,,Eint Frankfurt,,,,Freiburg,,Commerzbank-Arena,,Head-to-Head,,,,,,,
301,34,Sat,2023-05-27,,Dortmund,,,,Mainz 05,,Signal Iduna Park,,Head-to-Head,,,,,,,
302,34,Sat,2023-05-27,,M'Gladbach,,,,Augsburg,,Stadion im Borussia-Park,,Head-to-Head,,,,,,,
303,34,Sat,2023-05-27,,Stuttgart,,,,Hoffenheim,,Mercedes-Benz Arena,,Head-to-Head,,,,,,,
304,34,Sat,2023-05-27,,Wolfsburg,,,,Hertha BSC,,Volkswagen Arena,,Head-to-Head,,,,,,,
305,34,Sat,2023-05-27,,Köln,,,,Bayern Munich,,RheinEnergieSTADION,,Head-to-Head,,,,,,,
