,Wk,Day,Date,Time,Home,Score,Away,Attendance,Venue,Referee,Match Report,Spread,home_odds,away_odds,Opening Spread,inter_spread_1,inter_spread_2,inter_spread_3,inter_spread_4
0,1,Fri,2022-08-12,21:00:00,Osasuna,,Sevilla,,Estadio El Sadar,,Head-to-Head,0.25,1.85,2.05,0.25,0.25,,,
1,1,Sat,2022-08-13,17:00:00,Celta Vigo,,Espanyol,,Estadio de BalaÃ­dos,,Head-to-Head,-0.5,1.81,2.09,-0.5,-0.5,,,
2,1,Sat,2022-08-13,19:00:00,Valladolid,,Villarreal,,Estadio Municipal JosÃ© Zorrilla,,Head-to-Head,0.5,1.95,1.95,0.5,0.5,,,
3,1,Sat,2022-08-13,21:00:00,Barcelona,,Rayo Vallecano,,Camp Nou,,Head-to-Head,-2.0,2.09,1.81,-1.75,-2.0,,,
4,1,Sun,2022-08-14,17:30:00,Cádiz,,Real Sociedad,,Estadio Nuevo Mirandilla,,Head-to-Head,0.25,1.99,1.91,0.25,0.25,,,
5,1,Sun,2022-08-14,19:30:00,Valencia,,Girona,,Estadio de Mestalla,,Head-to-Head,-0.5,1.9,2.0,-0.5,-0.5,,,
6,1,Sun,2022-08-14,22:00:00,Almería,,Real Madrid,,Estadio de los Juegos MediterrÃ¡neos,,Head-to-Head,1.25,1.97,1.93,1.25,1.25,,,
7,1,Mon,2022-08-15,17:30:00,Athletic Club,,Mallorca,,San MamÃ©s,,Head-to-Head,-1.0,2.09,1.81,-0.75,-1.0,,,
8,1,Mon,2022-08-15,19:30:00,Getafe,,Atlético Madrid,,Coliseum Alfonso PÃ©rez,,Head-to-Head,0.5,1.95,1.95,0.5,0.5,,,
9,1,Mon,2022-08-15,21:30:00,Betis,,Elche,,Estadio Benito VillamarÃ­n,,Head-to-Head,-1.25,2.06,1.84,-1.25,-1.25,,,
10,2,Fri,2022-08-19,20:00:00,Espanyol,,Rayo Vallecano,,RCDE Stadium,,Head-to-Head,0.0,1.76,2.155,-0.25,-0.25,-0.25,0.0,0.0
11,2,Fri,2022-08-19,22:00:00,Sevilla,,Valladolid,,Estadio RamÃ³n SÃ¡nchez PizjuÃ¡n,,Head-to-Head,-1.0,1.96,1.94,-1.0,-1.0,-1.0,-1.0,-1.0
12,2,Sat,2022-08-20,17:30:00,Osasuna,,Cádiz,,Estadio El Sadar,,Head-to-Head,-0.5,1.95,1.95,-0.25,-0.25,-0.5,-0.5,-0.5
13,2,Sat,2022-08-20,19:30:00,Mallorca,,Betis,,Iberostar Estadi,,Head-to-Head,0.25,1.84,2.06,0.0,0.0,0.25,0.25,0.25
14,2,Sat,2022-08-20,22:00:00,Celta Vigo,,Real Madrid,,Estadio de BalaÃ­dos,,Head-to-Head,0.75,1.98,1.92,0.5,0.5,0.75,0.75,0.75
15,2,Sun,2022-08-21,17:30:00,Athletic Club,,Valencia,,San MamÃ©s,,Head-to-Head,-0.75,2.01,1.89,-0.75,-0.75,-0.75,-0.75,-0.75
16,2,Sun,2022-08-21,19:30:00,Atlético Madrid,,Villarreal,,Estadio Wanda Metropolitano,,Head-to-Head,-0.5,1.86,2.04,-0.5,-0.5,-0.5,-0.5,-0.5
17,2,Sun,2022-08-21,22:00:00,Real Sociedad,,Barcelona,,Estadio Municipal de Anoeta,,Head-to-Head,0.25,2.07,1.83,0.25,0.25,0.25,0.25,0.25
18,2,Mon,2022-08-22,20:00:00,Elche,,Almería,,Estadio Manuel MartÃ­nez Valero,,Head-to-Head,-0.25,2.125,1.78,-0.25,0.0,-0.25,0.0,-0.25
19,2,Mon,2022-08-22,22:00:00,Girona,,Getafe,,Estadi Municipal de Montilivi,,Head-to-Head,-0.25,2.155,1.76,0.0,0.0,0.0,0.0,0.0
20,3,Fri,2022-08-26,20:00:00,Girona,,Celta Vigo,,Estadi Municipal de Montilivi,,Head-to-Head,0.0,1.94,1.96,0.25,0.0,0.0,,
21,3,Fri,2022-08-26,22:00:00,Betis,,Osasuna,,Estadio Benito VillamarÃ­n,,Head-to-Head,-0.75,2.06,1.84,-0.75,-0.75,-0.75,,
22,3,Sat,2022-08-27,17:30:00,Elche,,Real Sociedad,,Estadio Manuel MartÃ­nez Valero,,Head-to-Head,0.25,2.03,1.87,0.5,0.25,0.25,,
23,3,Sat,2022-08-27,19:30:00,Rayo Vallecano,,Mallorca,,Estadio del Rayo Vallecano,,Head-to-Head,-0.5,2.07,1.83,-0.5,-0.5,-0.5,,
24,3,Sat,2022-08-27,22:00:00,Almería,,Sevilla,,Estadio de los Juegos MediterrÃ¡neos,,Head-to-Head,0.5,1.83,2.07,0.5,0.25,0.5,,
25,3,Sun,2022-08-28,17:30:00,Getafe,,Villarreal,,Coliseum Alfonso PÃ©rez,,Head-to-Head,0.75,1.82,2.08,0.25,0.5,0.5,,
26,3,Sun,2022-08-28,19:30:00,Barcelona,,Valladolid,,Camp Nou,,Head-to-Head,-2.25,1.94,1.96,-2.0,-2.25,-2.25,,
27,3,Sun,2022-08-28,22:00:00,Espanyol,,Real Madrid,,RCDE Stadium,,Head-to-Head,1.25,1.92,1.98,1.0,1.25,1.25,,
28,3,Mon,2022-08-29,20:00:00,Cádiz,,Athletic Club,,Estadio Nuevo Mirandilla,,Head-to-Head,0.25,2.07,1.83,0.25,0.25,0.25,,
29,3,Mon,2022-08-29,22:00:00,Valencia,,Atlético Madrid,,Estadio de Mestalla,,Head-to-Head,0.5,1.85,2.05,0.5,0.5,0.5,,
30,4,Sun,2022-09-04,,Villarreal,,Elche,,Estadio de la CerÃ¡mica,,Head-to-Head,-1.5,,,-1.25,-1.5,,,
31,4,Sun,2022-09-05,,Valladolid,,Almería,,Estadio Municipal JosÃ© Zorrilla,,Head-to-Head,-0.25,,,-0.5,-0.25,,,
32,4,Sun,2022-09-03,,Mallorca,,Girona,,Iberostar Estadi,,Head-to-Head,-0.25,,,-0.25,-0.5,,,
33,4,Sun,2022-09-04,,Valencia,,Getafe,,Estadio de Mestalla,,Head-to-Head,-0.5,,,-0.5,-0.5,,,
34,4,Sun,2022-09-02,,Celta Vigo,,Cádiz,,Estadio de BalaÃ­dos,,Head-to-Head,-0.75,,,-0.75,-0.75,,,
35,4,Sun,2022-09-03,,Sevilla,,Barcelona,,Estadio RamÃ³n SÃ¡nchez PizjuÃ¡n,,Head-to-Head,0.75,,,0.5,0.75,,,
36,4,Sun,2022-09-03,,Real Madrid,,Betis,,Estadio Santiago BernabÃ©u,,Head-to-Head,-1.25,,,-1.25,-1.25,,,
37,4,Sun,2022-09-04,,Athletic Club,,Espanyol,,San MamÃ©s,,Head-to-Head,-1.0,,,-1.0,-1.0,,,
38,4,Sun,2022-09-03,,Real Sociedad,,Atlético Madrid,,Estadio Municipal de Anoeta,,Head-to-Head,0.0,,,0.0,0.0,,,
39,4,Sun,2022-09-04,,Osasuna,,Rayo Vallecano,,Estadio El Sadar,,Head-to-Head,-0.5,,,-0.25,-0.5,,,
40,5,Sun,2022-09-12,,Almería,,Osasuna,,Estadio de los Juegos MediterrÃ¡neos,,Head-to-Head,0.0,,,0.0,,,,
41,5,Sun,2022-09-10,,Espanyol,,Sevilla,,RCDE Stadium,,Head-to-Head,0.0,,,0.25,,,,
42,5,Sun,2022-09-11,,Betis,,Villarreal,,Estadio Benito VillamarÃ­n,,Head-to-Head,0.0,,,0.0,,,,
43,5,Sun,2022-09-11,,Getafe,,Real Sociedad,,Coliseum Alfonso PÃ©rez,,Head-to-Head,0.25,,,0.25,,,,
44,5,Sun,2022-09-10,,Cádiz,,Barcelona,,Estadio Nuevo Mirandilla,,Head-to-Head,1.75,,,1.5,,,,
45,5,Sun,2022-09-09,,Girona,,Valladolid,,Estadi Municipal de Montilivi,,Head-to-Head,-0.25,,,-0.25,,,,
46,5,Sun,2022-09-11,,Real Madrid,,Mallorca,,Estadio Santiago BernabÃ©u,,Head-to-Head,-1.75,,,-1.5,,,,
47,5,Sun,2022-09-11,,Elche,,Athletic Club,,Estadio Manuel MartÃ­nez Valero,,Head-to-Head,0.5,,,0.5,,,,
48,5,Sun,2022-09-10,,Rayo Vallecano,,Valencia,,Estadio del Rayo Vallecano,,Head-to-Head,0.0,,,-0.25,,,,
49,5,Sun,2022-09-10,,Atlético Madrid,,Celta Vigo,,Estadio Wanda Metropolitano,,Head-to-Head,-0.75,,,-1.0,,,,
50,6,Sun,2022-09-18,,Villarreal,,Sevilla,,Estadio de la CerÃ¡mica,,Head-to-Head,-0.75,,,-0.5,-0.5,-0.75,-0.75,
51,6,Sun,2022-09-17,,Valencia,,Celta Vigo,,Estadio de Mestalla,,Head-to-Head,-0.25,,,0.0,-0.25,-0.25,-0.25,
52,6,Sun,2022-09-17,,Mallorca,,Almería,,Iberostar Estadi,,Head-to-Head,-0.5,,,-0.25,-0.5,-0.5,-0.5,
53,6,Sun,2022-09-18,,Atlético Madrid,,Real Madrid,,Estadio Wanda Metropolitano,,Head-to-Head,0.25,,,0.0,0.0,0.0,0.25,
54,6,Sun,2022-09-18,,Osasuna,,Getafe,,Estadio El Sadar,,Head-to-Head,-0.75,,,-0.5,-0.5,-0.5,-0.75,
55,6,Sun,2022-09-18,,Betis,,Girona,,Estadio Benito VillamarÃ­n,,Head-to-Head,-0.75,,,-1.0,-0.75,-0.75,-0.75,
56,6,Sun,2022-09-17,,Athletic Club,,Rayo Vallecano,,San MamÃ©s,,Head-to-Head,-1.0,,,-1.0,-1.0,-1.0,-1.0,
57,6,Sun,2022-09-16,,Valladolid,,Cádiz,,Estadio Municipal JosÃ© Zorrilla,,Head-to-Head,-0.5,,,-0.25,-0.25,-0.5,-0.5,
58,6,Sun,2022-09-17,,Barcelona,,Elche,,Camp Nou,,Head-to-Head,-2.75,,,-2.25,-2.75,-2.75,-2.75,
59,6,Sun,2022-09-18,,Real Sociedad,,Espanyol,,Estadio Municipal de Anoeta,,Head-to-Head,-0.75,,,-1.0,-0.75,-0.75,-0.75,
60,7,Sun,2022-10-02,,Real Madrid,,Osasuna,,,,Head-to-Head,-1.5,,,-1.5,-1.5,-1.5,,
61,7,Sun,2022-10-01,,Sevilla,,Atlético Madrid,,,,Head-to-Head,0.0,,,0.25,0.0,0.25,,
62,7,Sun,2022-10-01,,Getafe,,Valladolid,,,,Head-to-Head,-0.25,,,-0.25,-0.25,-0.25,,
63,7,Sun,2022-10-02,,Girona,,Real Sociedad,,,,Head-to-Head,0.25,,,0.25,0.25,0.25,,
64,7,Sun,2022-09-30,,Athletic Club,,Almería,,,,Head-to-Head,-1.25,,,-1.25,-1.25,-1.25,,
65,7,Sun,2022-10-01,,Mallorca,,Barcelona,,,,Head-to-Head,1.5,,,1.25,1.5,1.5,,
66,7,Sun,2022-10-03,,Rayo Vallecano,,Elche,,,,Head-to-Head,-0.75,,,-0.5,-0.75,-0.75,,
67,7,Sun,2022-10-02,,Espanyol,,Valencia,,,,Head-to-Head,0.0,,,0.0,0.0,0.0,,
68,7,Sun,2022-10-02,,Celta Vigo,,Betis,,,,Head-to-Head,-0.25,,,-0.25,0.0,0.0,,
69,7,Sun,2022-10-01,,Cádiz,,Villarreal,,,,Head-to-Head,0.75,,,0.75,0.75,0.75,,
70,8,Sun,2022-10-09,,Real Sociedad,,Villarreal,,,,Head-to-Head,0.0,,,0.0,0.0,,,
71,8,Sun,2022-10-08,,Getafe,,Real Madrid,,,,Head-to-Head,1.0,,,1.0,1.0,,,
72,8,Sun,2022-10-09,,Valladolid,,Betis,,,,Head-to-Head,0.0,,,0.25,0.25,,,
73,8,Sun,2022-10-08,,Almería,,Rayo Vallecano,,,,Head-to-Head,0.25,,,0.0,0.0,,,
74,8,Sun,2022-10-08,,Sevilla,,Athletic Club,,,,Head-to-Head,0.25,,,0.0,0.0,,,
75,8,Sun,2022-10-09,,Cádiz,,Espanyol,,,,Head-to-Head,0.0,,,0.0,0.0,,,
76,8,Sun,2022-10-08,,Atlético Madrid,,Girona,,,,Head-to-Head,-1.0,,,-1.25,-1.0,,,
77,8,Sun,2022-10-09,,Barcelona,,Celta Vigo,,,,Head-to-Head,-1.5,,,-1.5,-1.5,,,
78,8,Sun,2022-10-07,,Osasuna,,Valencia,,,,Head-to-Head,0.0,,,-0.25,-0.25,,,
79,8,Sun,2022-10-10,,Elche,,Mallorca,,,,Head-to-Head,0.0,,,0.0,0.0,,,
80,9,Sun,2022-10-15,,Mallorca,,Sevilla,,,,Head-to-Head,0.0,,,0.0,,,,
81,9,Sun,2022-10-16,,Espanyol,,Valladolid,,,,Head-to-Head,-0.25,,,-0.5,,,,
82,9,Sun,2022-10-17,,Villarreal,,Osasuna,,,,Head-to-Head,-1.0,,,-0.75,,,,
83,9,Sun,2022-10-14,,Rayo Vallecano,,Getafe,,,,Head-to-Head,-0.5,,,-0.5,,,,
84,9,Sun,2022-10-16,,Betis,,Almería,,,,Head-to-Head,-1.0,,,-1.0,,,,
85,9,Sun,2022-10-15,,Valencia,,Elche,,,,Head-to-Head,-1.25,,,-1.0,,,,
86,9,Sun,2022-10-16,,Celta Vigo,,Real Sociedad,,,,Head-to-Head,0.0,,,0.0,,,,
87,9,Sun,2022-10-15,,Girona,,Cádiz,,,,Head-to-Head,-0.5,,,-0.5,,,,
88,9,Sun,2022-10-16,,Real Madrid,,Barcelona,,,,Head-to-Head,-0.25,,,-0.25,,,,
89,9,Sun,2022-10-15,,Athletic Club,,Atlético Madrid,,,,Head-to-Head,-0.25,,,0.0,,,,
90,10,Wed,2022-10-20,,Osasuna,,Espanyol,,,,Head-to-Head,-0.25,,,-0.25,,,,
91,10,Wed,2022-10-19,,Cádiz,,Betis,,,,Head-to-Head,0.25,,,0.25,,,,
92,10,Wed,2022-10-20,,Barcelona,,Villarreal,,,,Head-to-Head,-1.25,,,-1.25,,,,
93,10,Wed,2022-10-20,,Almería,,Girona,,,,Head-to-Head,-0.25,,,-0.25,,,,
94,10,Wed,2022-10-19,,Real Sociedad,,Mallorca,,,,Head-to-Head,-1.0,,,-1.0,,,,
95,10,Wed,2022-10-18,,Getafe,,Athletic Club,,,,Head-to-Head,0.5,,,0.5,,,,
96,10,Wed,2022-10-19,,Elche,,Real Madrid,,,,Head-to-Head,1.5,,,1.5,,,,
97,10,Wed,2022-10-18,,Atlético Madrid,,Rayo Vallecano,,,,Head-to-Head,-1.0,,,-1.0,,,,
98,10,Wed,2022-10-18,,Sevilla,,Valencia,,,,Head-to-Head,-0.25,,,-0.25,,,,
99,10,Wed,2022-10-19,,Valladolid,,Celta Vigo,,,,Head-to-Head,0.0,,,0.0,,,,
100,11,Sun,2022-10-23,,Barcelona,,Athletic Club,,,,Head-to-Head,,,,,,,,
101,11,Sun,2022-10-23,,Celta Vigo,,Getafe,,,,Head-to-Head,,,,,,,,
102,11,Sun,2022-10-23,,Girona,,Osasuna,,,,Head-to-Head,,,,,,,,
103,11,Sun,2022-10-23,,Valladolid,,Real Sociedad,,,,Head-to-Head,,,,,,,,
104,11,Sun,2022-10-23,,Valencia,,Mallorca,,,,Head-to-Head,,,,,,,,
105,11,Sun,2022-10-23,,Betis,,Atlético Madrid,,,,Head-to-Head,,,,,,,,
106,11,Sun,2022-10-23,,Real Madrid,,Sevilla,,,,Head-to-Head,,,,,,,,
107,11,Sun,2022-10-23,,Rayo Vallecano,,Cádiz,,,,Head-to-Head,,,,,,,,
108,11,Sun,2022-10-23,,Espanyol,,Elche,,,,Head-to-Head,,,,,,,,
109,11,Sun,2022-10-23,,Villarreal,,Almería,,,,Head-to-Head,,,,,,,,
110,12,Sun,2022-10-30,,Mallorca,,Espanyol,,,,Head-to-Head,,,,,,,,
111,12,Sun,2022-10-30,,Athletic Club,,Villarreal,,,,Head-to-Head,,,,,,,,
112,12,Sun,2022-10-30,,Elche,,Getafe,,,,Head-to-Head,,,,,,,,
113,12,Sun,2022-10-30,,Osasuna,,Valladolid,,,,Head-to-Head,,,,,,,,
114,12,Sun,2022-10-30,,Almería,,Celta Vigo,,,,Head-to-Head,,,,,,,,
115,12,Sun,2022-10-30,,Valencia,,Barcelona,,,,Head-to-Head,,,,,,,,
116,12,Sun,2022-10-30,,Sevilla,,Rayo Vallecano,,,,Head-to-Head,,,,,,,,
117,12,Sun,2022-10-30,,Cádiz,,Atlético Madrid,,,,Head-to-Head,,,,,,,,
118,12,Sun,2022-10-30,,Real Sociedad,,Betis,,,,Head-to-Head,,,,,,,,
119,12,Sun,2022-10-30,,Real Madrid,,Girona,,,,Head-to-Head,,,,,,,,
120,13,Sun,2022-11-06,,Atlético Madrid,,Espanyol,,,,Head-to-Head,,,,,,,,
121,13,Sun,2022-11-06,,Villarreal,,Mallorca,,,,Head-to-Head,,,,,,,,
122,13,Sun,2022-11-06,,Getafe,,Cádiz,,,,Head-to-Head,,,,,,,,
123,13,Sun,2022-11-06,,Real Sociedad,,Valencia,,,,Head-to-Head,,,,,,,,
124,13,Sun,2022-11-06,,Betis,,Sevilla,,,,Head-to-Head,,,,,,,,
125,13,Sun,2022-11-06,,Barcelona,,Almería,,,,Head-to-Head,,,,,,,,
126,13,Sun,2022-11-06,,Valladolid,,Elche,,,,Head-to-Head,,,,,,,,
127,13,Sun,2022-11-06,,Celta Vigo,,Osasuna,,,,Head-to-Head,,,,,,,,
128,13,Sun,2022-11-06,,Girona,,Athletic Club,,,,Head-to-Head,,,,,,,,
129,13,Sun,2022-11-06,,Rayo Vallecano,,Real Madrid,,,,Head-to-Head,,,,,,,,
130,14,Wed,2022-11-09,,Osasuna,,Barcelona,,,,Head-to-Head,,,,,,,,
131,14,Wed,2022-11-09,,Mallorca,,Atlético Madrid,,,,Head-to-Head,,,,,,,,
132,14,Wed,2022-11-09,,Almería,,Getafe,,,,Head-to-Head,,,,,,,,
133,14,Wed,2022-11-09,,Rayo Vallecano,,Celta Vigo,,,,Head-to-Head,,,,,,,,
134,14,Wed,2022-11-09,,Real Madrid,,Cádiz,,,,Head-to-Head,,,,,,,,
135,14,Wed,2022-11-09,,Espanyol,,Villarreal,,,,Head-to-Head,,,,,,,,
136,14,Wed,2022-11-09,,Athletic Club,,Valladolid,,,,Head-to-Head,,,,,,,,
137,14,Wed,2022-11-09,,Valencia,,Betis,,,,Head-to-Head,,,,,,,,
138,14,Wed,2022-11-09,,Elche,,Girona,,,,Head-to-Head,,,,,,,,
139,14,Wed,2022-11-09,,Sevilla,,Real Sociedad,,,,Head-to-Head,,,,,,,,
140,15,Sat,2022-12-31,,Barcelona,,Espanyol,,,,Head-to-Head,,,,,,,,
141,15,Sat,2022-12-31,,Cádiz,,Almería,,,,Head-to-Head,,,,,,,,
142,15,Sat,2022-12-31,,Betis,,Athletic Club,,,,Head-to-Head,,,,,,,,
143,15,Sat,2022-12-31,,Celta Vigo,,Sevilla,,,,Head-to-Head,,,,,,,,
144,15,Sat,2022-12-31,,Real Sociedad,,Osasuna,,,,Head-to-Head,,,,,,,,
145,15,Sat,2022-12-31,,Atlético Madrid,,Elche,,,,Head-to-Head,,,,,,,,
146,15,Sat,2022-12-31,,Valladolid,,Real Madrid,,,,Head-to-Head,,,,,,,,
147,15,Sat,2022-12-31,,Villarreal,,Valencia,,,,Head-to-Head,,,,,,,,
148,15,Sat,2022-12-31,,Getafe,,Mallorca,,,,Head-to-Head,,,,,,,,
149,15,Sat,2022-12-31,,Girona,,Rayo Vallecano,,,,Head-to-Head,,,,,,,,
150,16,Sun,2023-01-08,,Almería,,Real Sociedad,,,,Head-to-Head,,,,,,,,
151,16,Sun,2023-01-08,,Atlético Madrid,,Barcelona,,,,Head-to-Head,,,,,,,,
152,16,Sun,2023-01-08,,Villarreal,,Real Madrid,,,,Head-to-Head,,,,,,,,
153,16,Sun,2023-01-08,,Athletic Club,,Osasuna,,,,Head-to-Head,,,,,,,,
154,16,Sun,2023-01-08,,Mallorca,,Valladolid,,,,Head-to-Head,,,,,,,,
155,16,Sun,2023-01-08,,Espanyol,,Girona,,,,Head-to-Head,,,,,,,,
156,16,Sun,2023-01-08,,Rayo Vallecano,,Betis,,,,Head-to-Head,,,,,,,,
157,16,Sun,2023-01-08,,Sevilla,,Getafe,,,,Head-to-Head,,,,,,,,
158,16,Sun,2023-01-08,,Elche,,Celta Vigo,,,,Head-to-Head,,,,,,,,
159,16,Sun,2023-01-08,,Valencia,,Cádiz,,,,Head-to-Head,,,,,,,,
160,17,Sat,2023-01-14,,Betis,,Barcelona,,,,Head-to-Head,,,,,,,,
161,17,Sat,2023-01-14,,Cádiz,,Elche,,,,Head-to-Head,,,,,,,,
162,17,Sat,2023-01-14,,Real Sociedad,,Athletic Club,,,,Head-to-Head,,,,,,,,
163,17,Sat,2023-01-14,,Valladolid,,Rayo Vallecano,,,,Head-to-Head,,,,,,,,
164,17,Sat,2023-01-14,,Girona,,Sevilla,,,,Head-to-Head,,,,,,,,
165,17,Sat,2023-01-14,,Celta Vigo,,Villarreal,,,,Head-to-Head,,,,,,,,
166,17,Sat,2023-01-14,,Almería,,Atlético Madrid,,,,Head-to-Head,,,,,,,,
167,17,Sat,2023-01-14,,Real Madrid,,Valencia,,,,Head-to-Head,,,,,,,,
168,17,Sat,2023-01-14,,Osasuna,,Mallorca,,,,Head-to-Head,,,,,,,,
169,17,Sat,2023-01-14,,Getafe,,Espanyol,,,,Head-to-Head,,,,,,,,
170,18,Sun,2023-01-22,,Barcelona,,Getafe,,,,Head-to-Head,,,,,,,,
171,18,Sun,2023-01-22,,Elche,,Osasuna,,,,Head-to-Head,,,,,,,,
172,18,Sun,2023-01-22,,Sevilla,,Cádiz,,,,Head-to-Head,,,,,,,,
173,18,Sun,2023-01-22,,Espanyol,,Betis,,,,Head-to-Head,,,,,,,,
174,18,Sun,2023-01-22,,Mallorca,,Celta Vigo,,,,Head-to-Head,,,,,,,,
175,18,Sun,2023-01-22,,Rayo Vallecano,,Real Sociedad,,,,Head-to-Head,,,,,,,,
176,18,Sun,2023-01-22,,Atlético Madrid,,Valladolid,,,,Head-to-Head,,,,,,,,
177,18,Sun,2023-01-22,,Athletic Club,,Real Madrid,,,,Head-to-Head,,,,,,,,
178,18,Sun,2023-01-22,,Valencia,,Almería,,,,Head-to-Head,,,,,,,,
179,18,Sun,2023-01-22,,Villarreal,,Girona,,,,Head-to-Head,,,,,,,,
180,19,Sun,2023-01-29,,Girona,,Barcelona,,,,Head-to-Head,,,,,,,,
181,19,Sun,2023-01-29,,Villarreal,,Rayo Vallecano,,,,Head-to-Head,,,,,,,,
182,19,Sun,2023-01-29,,Getafe,,Betis,,,,Head-to-Head,,,,,,,,
183,19,Sun,2023-01-29,,Almería,,Espanyol,,,,Head-to-Head,,,,,,,,
184,19,Sun,2023-01-29,,Osasuna,,Atlético Madrid,,,,Head-to-Head,,,,,,,,
185,19,Sun,2023-01-29,,Valladolid,,Valencia,,,,Head-to-Head,,,,,,,,
186,19,Sun,2023-01-29,,Celta Vigo,,Athletic Club,,,,Head-to-Head,,,,,,,,
187,19,Sun,2023-01-29,,Sevilla,,Elche,,,,Head-to-Head,,,,,,,,
188,19,Sun,2023-01-29,,Real Madrid,,Real Sociedad,,,,Head-to-Head,,,,,,,,
189,19,Sun,2023-01-29,,Cádiz,,Mallorca,,,,Head-to-Head,,,,,,,,
190,20,Sun,2023-02-05,,Espanyol,,Osasuna,,,,Head-to-Head,,,,,,,,
191,20,Sun,2023-02-05,,Barcelona,,Sevilla,,,,Head-to-Head,,,,,,,,
192,20,Sun,2023-02-05,,Betis,,Celta Vigo,,,,Head-to-Head,,,,,,,,
193,20,Sun,2023-02-05,,Real Sociedad,,Valladolid,,,,Head-to-Head,,,,,,,,
194,20,Sun,2023-02-05,,Rayo Vallecano,,Almería,,,,Head-to-Head,,,,,,,,
195,20,Sun,2023-02-05,,Athletic Club,,Cádiz,,,,Head-to-Head,,,,,,,,
196,20,Sun,2023-02-05,,Girona,,Valencia,,,,Head-to-Head,,,,,,,,
197,20,Sun,2023-02-05,,Mallorca,,Real Madrid,,,,Head-to-Head,,,,,,,,
198,20,Sun,2023-02-05,,Elche,,Villarreal,,,,Head-to-Head,,,,,,,,
199,20,Sun,2023-02-05,,Atlético Madrid,,Getafe,,,,Head-to-Head,,,,,,,,
200,21,Sun,2023-02-12,,Sevilla,,Mallorca,,,,Head-to-Head,,,,,,,,
201,21,Sun,2023-02-12,,Valencia,,Athletic Club,,,,Head-to-Head,,,,,,,,
202,21,Sun,2023-02-12,,Valladolid,,Osasuna,,,,Head-to-Head,,,,,,,,
203,21,Sun,2023-02-12,,Villarreal,,Barcelona,,,,Head-to-Head,,,,,,,,
204,21,Sun,2023-02-12,,Almería,,Betis,,,,Head-to-Head,,,,,,,,
205,21,Sun,2023-02-12,,Espanyol,,Real Sociedad,,,,Head-to-Head,,,,,,,,
206,21,Sun,2023-02-12,,Getafe,,Rayo Vallecano,,,,Head-to-Head,,,,,,,,
207,21,Sun,2023-02-12,,Celta Vigo,,Atlético Madrid,,,,Head-to-Head,,,,,,,,
208,21,Sun,2023-02-12,,Real Madrid,,Elche,,,,Head-to-Head,,,,,,,,
209,21,Sun,2023-02-12,,Cádiz,,Girona,,,,Head-to-Head,,,,,,,,
210,22,Sun,2023-02-19,,Getafe,,Valencia,,,,Head-to-Head,,,,,,,,
211,22,Sun,2023-02-19,,Real Sociedad,,Celta Vigo,,,,Head-to-Head,,,,,,,,
212,22,Sun,2023-02-19,,Osasuna,,Real Madrid,,,,Head-to-Head,,,,,,,,
213,22,Sun,2023-02-19,,Girona,,Almería,,,,Head-to-Head,,,,,,,,
214,22,Sun,2023-02-19,,Elche,,Espanyol,,,,Head-to-Head,,,,,,,,
215,22,Sun,2023-02-19,,Mallorca,,Villarreal,,,,Head-to-Head,,,,,,,,
216,22,Sun,2023-02-19,,Betis,,Valladolid,,,,Head-to-Head,,,,,,,,
217,22,Sun,2023-02-19,,Atlético Madrid,,Athletic Club,,,,Head-to-Head,,,,,,,,
218,22,Sun,2023-02-19,,Rayo Vallecano,,Sevilla,,,,Head-to-Head,,,,,,,,
219,22,Sun,2023-02-19,,Barcelona,,Cádiz,,,,Head-to-Head,,,,,,,,
220,23,Sun,2023-02-26,,Villarreal,,Getafe,,,,Head-to-Head,,,,,,,,
221,23,Sun,2023-02-26,,Sevilla,,Osasuna,,,,Head-to-Head,,,,,,,,
222,23,Sun,2023-02-26,,Cádiz,,Rayo Vallecano,,,,Head-to-Head,,,,,,,,
223,23,Sun,2023-02-26,,Espanyol,,Mallorca,,,,Head-to-Head,,,,,,,,
224,23,Sun,2023-02-26,,Almería,,Barcelona,,,,Head-to-Head,,,,,,,,
225,23,Sun,2023-02-26,,Athletic Club,,Girona,,,,Head-to-Head,,,,,,,,
226,23,Sun,2023-02-26,,Celta Vigo,,Valladolid,,,,Head-to-Head,,,,,,,,
227,23,Sun,2023-02-26,,Real Madrid,,Atlético Madrid,,,,Head-to-Head,,,,,,,,
228,23,Sun,2023-02-26,,Elche,,Betis,,,,Head-to-Head,,,,,,,,
229,23,Sun,2023-02-26,,Valencia,,Real Sociedad,,,,Head-to-Head,,,,,,,,
230,24,Sun,2023-03-05,,Mallorca,,Elche,,,,Head-to-Head,,,,,,,,
231,24,Sun,2023-03-05,,Almería,,Villarreal,,,,Head-to-Head,,,,,,,,
232,24,Sun,2023-03-05,,Barcelona,,Valencia,,,,Head-to-Head,,,,,,,,
233,24,Sun,2023-03-05,,Rayo Vallecano,,Athletic Club,,,,Head-to-Head,,,,,,,,
234,24,Sun,2023-03-05,,Osasuna,,Celta Vigo,,,,Head-to-Head,,,,,,,,
235,24,Sun,2023-03-05,,Atlético Madrid,,Sevilla,,,,Head-to-Head,,,,,,,,
236,24,Sun,2023-03-05,,Getafe,,Girona,,,,Head-to-Head,,,,,,,,
237,24,Sun,2023-03-05,,Betis,,Real Madrid,,,,Head-to-Head,,,,,,,,
238,24,Sun,2023-03-05,,Real Sociedad,,Cádiz,,,,Head-to-Head,,,,,,,,
239,24,Sun,2023-03-05,,Valladolid,,Espanyol,,,,Head-to-Head,,,,,,,,
240,25,Sun,2023-03-12,,Villarreal,,Betis,,,,Head-to-Head,,,,,,,,
241,25,Sun,2023-03-12,,Athletic Club,,Barcelona,,,,Head-to-Head,,,,,,,,
242,25,Sun,2023-03-12,,Cádiz,,Getafe,,,,Head-to-Head,,,,,,,,
243,25,Sun,2023-03-12,,Girona,,Atlético Madrid,,,,Head-to-Head,,,,,,,,
244,25,Sun,2023-03-12,,Valencia,,Osasuna,,,,Head-to-Head,,,,,,,,
245,25,Sun,2023-03-12,,Mallorca,,Real Sociedad,,,,Head-to-Head,,,,,,,,
246,25,Sun,2023-03-12,,Sevilla,,Almería,,,,Head-to-Head,,,,,,,,
247,25,Sun,2023-03-12,,Elche,,Valladolid,,,,Head-to-Head,,,,,,,,
248,25,Sun,2023-03-12,,Celta Vigo,,Rayo Vallecano,,,,Head-to-Head,,,,,,,,
249,25,Sun,2023-03-12,,Real Madrid,,Espanyol,,,,Head-to-Head,,,,,,,,
250,26,Sun,2023-03-19,,Rayo Vallecano,,Girona,,,,Head-to-Head,,,,,,,,
251,26,Sun,2023-03-19,,Atlético Madrid,,Valencia,,,,Head-to-Head,,,,,,,,
252,26,Sun,2023-03-19,,Osasuna,,Villarreal,,,,Head-to-Head,,,,,,,,
253,26,Sun,2023-03-19,,Real Sociedad,,Elche,,,,Head-to-Head,,,,,,,,
254,26,Sun,2023-03-19,,Espanyol,,Celta Vigo,,,,Head-to-Head,,,,,,,,
255,26,Sun,2023-03-19,,Getafe,,Sevilla,,,,Head-to-Head,,,,,,,,
256,26,Sun,2023-03-19,,Valladolid,,Athletic Club,,,,Head-to-Head,,,,,,,,
257,26,Sun,2023-03-19,,Almería,,Cádiz,,,,Head-to-Head,,,,,,,,
258,26,Sun,2023-03-19,,Betis,,Mallorca,,,,Head-to-Head,,,,,,,,
259,26,Sun,2023-03-19,,Barcelona,,Real Madrid,,,,Head-to-Head,,,,,,,,
260,27,Sun,2023-04-02,,Elche,,Barcelona,,,,Head-to-Head,,,,,,,,
261,27,Sun,2023-04-02,,Girona,,Espanyol,,,,Head-to-Head,,,,,,,,
262,27,Sun,2023-04-02,,Celta Vigo,,Almería,,,,Head-to-Head,,,,,,,,
263,27,Sun,2023-04-02,,Atlético Madrid,,Betis,,,,Head-to-Head,,,,,,,,
264,27,Sun,2023-04-02,,Villarreal,,Real Sociedad,,,,Head-to-Head,,,,,,,,
265,27,Sun,2023-04-02,,Cádiz,,Sevilla,,,,Head-to-Head,,,,,,,,
266,27,Sun,2023-04-02,,Mallorca,,Osasuna,,,,Head-to-Head,,,,,,,,
267,27,Sun,2023-04-02,,Valencia,,Rayo Vallecano,,,,Head-to-Head,,,,,,,,
268,27,Sun,2023-04-02,,Real Madrid,,Valladolid,,,,Head-to-Head,,,,,,,,
269,27,Sun,2023-04-02,,Athletic Club,,Getafe,,,,Head-to-Head,,,,,,,,
270,28,Sun,2023-04-09,,Almería,,Valencia,,,,Head-to-Head,,,,,,,,
271,28,Sun,2023-04-09,,Barcelona,,Girona,,,,Head-to-Head,,,,,,,,
272,28,Sun,2023-04-09,,Real Sociedad,,Getafe,,,,Head-to-Head,,,,,,,,
273,28,Sun,2023-04-09,,Osasuna,,Elche,,,,Head-to-Head,,,,,,,,
274,28,Sun,2023-04-09,,Valladolid,,Mallorca,,,,Head-to-Head,,,,,,,,
275,28,Sun,2023-04-09,,Sevilla,,Celta Vigo,,,,Head-to-Head,,,,,,,,
276,28,Sun,2023-04-09,,Espanyol,,Athletic Club,,,,Head-to-Head,,,,,,,,
277,28,Sun,2023-04-09,,Real Madrid,,Villarreal,,,,Head-to-Head,,,,,,,,
278,28,Sun,2023-04-09,,Rayo Vallecano,,Atlético Madrid,,,,Head-to-Head,,,,,,,,
279,28,Sun,2023-04-09,,Betis,,Cádiz,,,,Head-to-Head,,,,,,,,
280,29,Sun,2023-04-16,,Girona,,Elche,,,,Head-to-Head,,,,,,,,
281,29,Sun,2023-04-16,,Betis,,Espanyol,,,,Head-to-Head,,,,,,,,
282,29,Sun,2023-04-16,,Cádiz,,Real Madrid,,,,Head-to-Head,,,,,,,,
283,29,Sun,2023-04-16,,Celta Vigo,,Mallorca,,,,Head-to-Head,,,,,,,,
284,29,Sun,2023-04-16,,Athletic Club,,Real Sociedad,,,,Head-to-Head,,,,,,,,
285,29,Sun,2023-04-16,,Villarreal,,Valladolid,,,,Head-to-Head,,,,,,,,
286,29,Sun,2023-04-16,,Valencia,,Sevilla,,,,Head-to-Head,,,,,,,,
287,29,Sun,2023-04-16,,Rayo Vallecano,,Osasuna,,,,Head-to-Head,,,,,,,,
288,29,Sun,2023-04-16,,Getafe,,Barcelona,,,,Head-to-Head,,,,,,,,
289,29,Sun,2023-04-16,,Atlético Madrid,,Almería,,,,Head-to-Head,,,,,,,,
290,30,Sun,2023-04-23,,Osasuna,,Betis,,,,Head-to-Head,,,,,,,,
291,30,Sun,2023-04-23,,Valladolid,,Girona,,,,Head-to-Head,,,,,,,,
292,30,Sun,2023-04-23,,Elche,,Valencia,,,,Head-to-Head,,,,,,,,
293,30,Sun,2023-04-23,,Sevilla,,Villarreal,,,,Head-to-Head,,,,,,,,
294,30,Sun,2023-04-23,,Barcelona,,Atlético Madrid,,,,Head-to-Head,,,,,,,,
295,30,Sun,2023-04-23,,Real Madrid,,Celta Vigo,,,,Head-to-Head,,,,,,,,
296,30,Sun,2023-04-23,,Mallorca,,Getafe,,,,Head-to-Head,,,,,,,,
297,30,Sun,2023-04-23,,Real Sociedad,,Rayo Vallecano,,,,Head-to-Head,,,,,,,,
298,30,Sun,2023-04-23,,Almería,,Athletic Club,,,,Head-to-Head,,,,,,,,
299,30,Sun,2023-04-23,,Espanyol,,Cádiz,,,,Head-to-Head,,,,,,,,
300,31,Wed,2023-04-26,,Rayo Vallecano,,Barcelona,,,,Head-to-Head,,,,,,,,
301,31,Wed,2023-04-26,,Girona,,Real Madrid,,,,Head-to-Head,,,,,,,,
302,31,Wed,2023-04-26,,Valencia,,Valladolid,,,,Head-to-Head,,,,,,,,
303,31,Wed,2023-04-26,,Cádiz,,Osasuna,,,,Head-to-Head,,,,,,,,
304,31,Wed,2023-04-26,,Athletic Club,,Sevilla,,,,Head-to-Head,,,,,,,,
305,31,Wed,2023-04-26,,Betis,,Real Sociedad,,,,Head-to-Head,,,,,,,,
306,31,Wed,2023-04-26,,Celta Vigo,,Elche,,,,Head-to-Head,,,,,,,,
307,31,Wed,2023-04-26,,Villarreal,,Espanyol,,,,Head-to-Head,,,,,,,,
308,31,Wed,2023-04-26,,Getafe,,Almería,,,,Head-to-Head,,,,,,,,
309,31,Wed,2023-04-26,,Atlético Madrid,,Mallorca,,,,Head-to-Head,,,,,,,,
310,32,Sun,2023-04-30,,Real Madrid,,Almería,,,,Head-to-Head,,,,,,,,
311,32,Sun,2023-04-30,,Osasuna,,Real Sociedad,,,,Head-to-Head,,,,,,,,
312,32,Sun,2023-04-30,,Barcelona,,Betis,,,,Head-to-Head,,,,,,,,
313,32,Sun,2023-04-30,,Mallorca,,Athletic Club,,,,Head-to-Head,,,,,,,,
314,32,Sun,2023-04-30,,Cádiz,,Valencia,,,,Head-to-Head,,,,,,,,
315,32,Sun,2023-04-30,,Espanyol,,Getafe,,,,Head-to-Head,,,,,,,,
316,32,Sun,2023-04-30,,Valladolid,,Atlético Madrid,,,,Head-to-Head,,,,,,,,
317,32,Sun,2023-04-30,,Villarreal,,Celta Vigo,,,,Head-to-Head,,,,,,,,
318,32,Sun,2023-04-30,,Elche,,Rayo Vallecano,,,,Head-to-Head,,,,,,,,
319,32,Sun,2023-04-30,,Sevilla,,Girona,,,,Head-to-Head,,,,,,,,
320,33,Wed,2023-05-03,,Getafe,,Celta Vigo,,,,Head-to-Head,,,,,,,,
321,33,Wed,2023-05-03,,Real Sociedad,,Real Madrid,,,,Head-to-Head,,,,,,,,
322,33,Wed,2023-05-03,,Valencia,,Villarreal,,,,Head-to-Head,,,,,,,,
323,33,Wed,2023-05-03,,Almería,,Elche,,,,Head-to-Head,,,,,,,,
324,33,Wed,2023-05-03,,Girona,,Mallorca,,,,Head-to-Head,,,,,,,,
325,33,Wed,2023-05-03,,Rayo Vallecano,,Valladolid,,,,Head-to-Head,,,,,,,,
326,33,Wed,2023-05-03,,Sevilla,,Espanyol,,,,Head-to-Head,,,,,,,,
327,33,Wed,2023-05-03,,Barcelona,,Osasuna,,,,Head-to-Head,,,,,,,,
328,33,Wed,2023-05-03,,Athletic Club,,Betis,,,,Head-to-Head,,,,,,,,
329,33,Wed,2023-05-03,,Atlético Madrid,,Cádiz,,,,Head-to-Head,,,,,,,,
330,34,Sun,2023-05-14,,Real Sociedad,,Girona,,,,Head-to-Head,,,,,,,,
331,34,Sun,2023-05-14,,Celta Vigo,,Valencia,,,,Head-to-Head,,,,,,,,
332,34,Sun,2023-05-14,,Espanyol,,Barcelona,,,,Head-to-Head,,,,,,,,
333,34,Sun,2023-05-14,,Villarreal,,Athletic Club,,,,Head-to-Head,,,,,,,,
334,34,Sun,2023-05-14,,Osasuna,,Almería,,,,Head-to-Head,,,,,,,,
335,34,Sun,2023-05-14,,Valladolid,,Sevilla,,,,Head-to-Head,,,,,,,,
336,34,Sun,2023-05-14,,Betis,,Rayo Vallecano,,,,Head-to-Head,,,,,,,,
337,34,Sun,2023-05-14,,Mallorca,,Cádiz,,,,Head-to-Head,,,,,,,,
338,34,Sun,2023-05-14,,Elche,,Atlético Madrid,,,,Head-to-Head,,,,,,,,
339,34,Sun,2023-05-14,,Real Madrid,,Getafe,,,,Head-to-Head,,,,,,,,
340,35,Sun,2023-05-21,,Getafe,,Elche,,,,Head-to-Head,,,,,,,,
341,35,Sun,2023-05-21,,Girona,,Villarreal,,,,Head-to-Head,,,,,,,,
342,35,Sun,2023-05-21,,Valencia,,Real Madrid,,,,Head-to-Head,,,,,,,,
343,35,Sun,2023-05-21,,Rayo Vallecano,,Espanyol,,,,Head-to-Head,,,,,,,,
344,35,Sun,2023-05-21,,Cádiz,,Valladolid,,,,Head-to-Head,,,,,,,,
345,35,Sun,2023-05-21,,Atlético Madrid,,Osasuna,,,,Head-to-Head,,,,,,,,
346,35,Sun,2023-05-21,,Athletic Club,,Celta Vigo,,,,Head-to-Head,,,,,,,,
347,35,Sun,2023-05-21,,Barcelona,,Real Sociedad,,,,Head-to-Head,,,,,,,,
348,35,Sun,2023-05-21,,Almería,,Mallorca,,,,Head-to-Head,,,,,,,,
349,35,Sun,2023-05-21,,Sevilla,,Betis,,,,Head-to-Head,,,,,,,,
350,36,Wed,2023-05-24,,Espanyol,,Atlético Madrid,,,,Head-to-Head,,,,,,,,
351,36,Wed,2023-05-24,,Betis,,Getafe,,,,Head-to-Head,,,,,,,,
352,36,Wed,2023-05-24,,Celta Vigo,,Girona,,,,Head-to-Head,,,,,,,,
353,36,Wed,2023-05-24,,Real Sociedad,,Almería,,,,Head-to-Head,,,,,,,,
354,36,Wed,2023-05-24,,Elche,,Sevilla,,,,Head-to-Head,,,,,,,,
355,36,Wed,2023-05-24,,Mallorca,,Valencia,,,,Head-to-Head,,,,,,,,
356,36,Wed,2023-05-24,,Valladolid,,Barcelona,,,,Head-to-Head,,,,,,,,
357,36,Wed,2023-05-24,,Real Madrid,,Rayo Vallecano,,,,Head-to-Head,,,,,,,,
358,36,Wed,2023-05-24,,Osasuna,,Athletic Club,,,,Head-to-Head,,,,,,,,
359,36,Wed,2023-05-24,,Villarreal,,Cádiz,,,,Head-to-Head,,,,,,,,
360,37,Sun,2023-05-28,,Valencia,,Espanyol,,,,Head-to-Head,,,,,,,,
361,37,Sun,2023-05-28,,Athletic Club,,Elche,,,,Head-to-Head,,,,,,,,
362,37,Sun,2023-05-28,,Girona,,Betis,,,,Head-to-Head,,,,,,,,
363,37,Sun,2023-05-28,,Rayo Vallecano,,Villarreal,,,,Head-to-Head,,,,,,,,
364,37,Sun,2023-05-28,,Almería,,Valladolid,,,,Head-to-Head,,,,,,,,
365,37,Sun,2023-05-28,,Atlético Madrid,,Real Sociedad,,,,Head-to-Head,,,,,,,,
366,37,Sun,2023-05-28,,Cádiz,,Celta Vigo,,,,Head-to-Head,,,,,,,,
367,37,Sun,2023-05-28,,Barcelona,,Mallorca,,,,Head-to-Head,,,,,,,,
368,37,Sun,2023-05-28,,Getafe,,Osasuna,,,,Head-to-Head,,,,,,,,
369,37,Sun,2023-05-28,,Sevilla,,Real Madrid,,,,Head-to-Head,,,,,,,,
370,38,Sun,2023-06-04,,Valladolid,,Getafe,,,,Head-to-Head,,,,,,,,
371,38,Sun,2023-06-04,,Villarreal,,Atlético Madrid,,,,Head-to-Head,,,,,,,,
372,38,Sun,2023-06-04,,Betis,,Valencia,,,,Head-to-Head,,,,,,,,
373,38,Sun,2023-06-04,,Real Sociedad,,Sevilla,,,,Head-to-Head,,,,,,,,
374,38,Sun,2023-06-04,,Elche,,Cádiz,,,,Head-to-Head,,,,,,,,
375,38,Sun,2023-06-04,,Celta Vigo,,Barcelona,,,,Head-to-Head,,,,,,,,
376,38,Sun,2023-06-04,,Espanyol,,Almería,,,,Head-to-Head,,,,,,,,
377,38,Sun,2023-06-04,,Real Madrid,,Athletic Club,,,,Head-to-Head,,,,,,,,
378,38,Sun,2023-06-04,,Osasuna,,Girona,,,,Head-to-Head,,,,,,,,
379,38,Sun,2023-06-04,,Mallorca,,Rayo Vallecano,,,,Head-to-Head,,,,,,,,
